Timestamp,MAC Address,Channel,DS Channel,SN,Vendor Specific Tags,SSID,VHT Capabilities,HE Capabilities,Length,Label,Supported Rates 1,Supported Rates 2,Supported Rates 3,Supported Rates 4,Supported Rates 5,Supported Rates 6,Supported Rates 7,Supported Rates 8,Extended Supported Rates 1,Extended Supported Rates 2,Extended Supported Rates 3,Extended Supported Rates 4,Extended Supported Rates 5,Extended Supported Rates 6,Extended Supported Rates 7,Extended Supported Rates 8,L_SIG_TXOP_Protection,Forty_Mhz_Intolerant,PSMP,DSSS_CCK,Max_A_MSDU,Delayed_BlockAck,Rx_STBC,Tx_STBC,Short_GI_40Mhz,Short_GI_20Mhz,Green_Field,SM_Power_Save,Supported_Channel_Width,LDPC_Coding_Capability,res1,Min_MPDCU_Start_Spacing,Max_A_MPDU_Length_Exponent,res2,TX_Unequal_Modulation,TX_Max_Spatial_Streams,TX_RX_MCS_Set_Not_Equal,TX_MCS_Set_Defined,res3,RX_Highest_Supported_Data_Rate,res4,RX_MSC_Bitmask,res5,RD_Responder,HTC_HT_Support,MCS_Feedback,res6,PCO_Transition_Time,PCO,res7,Channel_Estimation_Capability,CSI_max_n_Rows_Beamformer_Supported,Compressed_Steering_n_Beamformer_Antennas_Supported,Noncompressed_Steering_n_Beamformer_Antennas_Supported,CSI_n_Beamformer_Antennas_Supported,Minimal_Grouping,Explicit_Compressed_Beamforming_Feedback,Explicit_Noncompressed_Beamforming_Feedback,Explicit_Transmit_Beamforming_CSI_Feedback,Explicit_Compressed_Steering,Explicit_Noncompressed_Steering,Explicit_CSI_Transmit_Beamforming,Calibration,Implicit_Trasmit_Beamforming,Transmit_NDP,Receive_NDP,Transmit_Staggered_Sounding,Receive_Staggered_Sounding,Implicit_Transmit_Beamforming_Receiving,20_40_BSS_Coexistence_Management_Support,Reserved_1,Extended_Channel_Switching,Reserved_2,PSMP_Capability,Reserved_3,SPSMP_Support,Event,Diagnostics,Multicast_Diagnostic,Location_Tracking,FMS,Proxy_Arp_Service,Collocated_Interference_Reporting,Civic_Location,Geospatial_Location,TFS,WNM_Sleep_Mode,TIM_Broadcast,BSS_Transition,QoS_Traffic_Capability,AC_Station_Count,Multiple_BSSID,Timing_Measurement,Channel_Usage,SSID_List,DMS,UTC_Timing,TPU_Buffer_STA_Support,TDLS_Peer_PSM,TDLS_Channel_Switching,Interworking,QoS_Map,EBR,SSPN_Interface,Reserved_4,MSGCF_Capability,TDLS_Support,TDLS_Prohibited,TDLS_Channel_Switching_Prohibited,Reject_Unadmitted_Frame,Service_Interval_Granularity,Identifier_Location,U_APSD_Coexistence,WNM_Notification,QAB_Capability,UTF_8_SSID,QMF_Activated,QMF_ReconfigurationActivated,Robust_AV_Streaming,Advanced_GCR,Mesh_GCR,SCS,QLoad_Report,Alternate_EDCA,Unprotected_TXOP,Protected_RXOP,Reserved_5,Protected_QLoad_Report,TDLS_Wide_Bandwidth,Operating_Mode_Notification,Max_Number_Of_MSDUs_In_A_MPDU,Channel_Schedule_Management,Geodatabase_Inband_Enabling_Signal,Network_Channel_Control,White_Space_Map,Channel_Availability_Query,FTM_Responder,FTM_Initiator,Reserved_6,ESM_Capability,Future_Channel_Guidance
1625147429.53794,8e:80:39:0e:9a:0c,1,1,1886.0,506f9a16030101,,,,84,GooglePixel3A_V,1.0,2.0,5.5,11.0,,,,,6.0,9.0,12.0,18.0,24.0,36.0,48.0,54.0,,,,,,,,,,,,,,,,,,,,,,,,,,,,,,,,,,,,,,,,,,,,,,,,,,,,,,,,,,,,,,,,,,,,,,,,,,,,,,,,,,,,,,,,,,,,,,,,,,,,,,,,,,,,,,,,,,,,,,,,,,,,,
1625147429.560427,8e:80:39:0e:9a:0c,1,2,1887.0,506f9a16030101,,,,84,GooglePixel3A_V,1.0,2.0,5.5,11.0,,,,,6.0,9.0,12.0,18.0,24.0,36.0,48.0,54.0,,,,,,,,,,,,,,,,,,,,,,,,,,,,,,,,,,,,,,,,,,,,,,,,,,,,,,,,,,,,,,,,,,,,,,,,,,,,,,,,,,,,,,,,,,,,,,,,,,,,,,,,,,,,,,,,,,,,,,,,,,,,,
1625147429.583031,8e:80:39:0e:9a:0c,1,3,1888.0,506f9a16030101,,,,84,GooglePixel3A_V,1.0,2.0,5.5,11.0,,,,,6.0,9.0,12.0,18.0,24.0,36.0,48.0,54.0,,,,,,,,,,,,,,,,,,,,,,,,,,,,,,,,,,,,,,,,,,,,,,,,,,,,,,,,,,,,,,,,,,,,,,,,,,,,,,,,,,,,,,,,,,,,,,,,,,,,,,,,,,,,,,,,,,,,,,,,,,,,,
1625147429.705141,8e:80:39:0e:9a:0c,11,9,1893.0,506f9a16030101,,,,84,GooglePixel3A_V,1.0,2.0,5.5,11.0,,,,,6.0,9.0,12.0,18.0,24.0,36.0,48.0,54.0,,,,,,,,,,,,,,,,,,,,,,,,,,,,,,,,,,,,,,,,,,,,,,,,,,,,,,,,,,,,,,,,,,,,,,,,,,,,,,,,,,,,,,,,,,,,,,,,,,,,,,,,,,,,,,,,,,,,,,,,,,,,,
1625147429.747717,8e:80:39:0e:9a:0c,11,10,1894.0,506f9a16030101,,,,84,GooglePixel3A_V,1.0,2.0,5.5,11.0,,,,,6.0,9.0,12.0,18.0,24.0,36.0,48.0,54.0,,,,,,,,,,,,,,,,,,,,,,,,,,,,,,,,,,,,,,,,,,,,,,,,,,,,,,,,,,,,,,,,,,,,,,,,,,,,,,,,,,,,,,,,,,,,,,,,,,,,,,,,,,,,,,,,,,,,,,,,,,,,,
1625147429.764925,8e:80:39:0e:9a:0c,11,11,1895.0,506f9a16030101,,,,84,GooglePixel3A_V,1.0,2.0,5.5,11.0,,,,,6.0,9.0,12.0,18.0,24.0,36.0,48.0,54.0,,,,,,,,,,,,,,,,,,,,,,,,,,,,,,,,,,,,,,,,,,,,,,,,,,,,,,,,,,,,,,,,,,,,,,,,,,,,,,,,,,,,,,,,,,,,,,,,,,,,,,,,,,,,,,,,,,,,,,,,,,,,,
1625147429.782172,8e:80:39:0e:9a:0c,11,12,1896.0,506f9a16030101,,,,84,GooglePixel3A_V,1.0,2.0,5.5,11.0,,,,,6.0,9.0,12.0,18.0,24.0,36.0,48.0,54.0,,,,,,,,,,,,,,,,,,,,,,,,,,,,,,,,,,,,,,,,,,,,,,,,,,,,,,,,,,,,,,,,,,,,,,,,,,,,,,,,,,,,,,,,,,,,,,,,,,,,,,,,,,,,,,,,,,,,,,,,,,,,,
1625147429.799621,8e:80:39:0e:9a:0c,11,13,1897.0,506f9a16030101,,,,84,GooglePixel3A_V,1.0,2.0,5.5,11.0,,,,,6.0,9.0,12.0,18.0,24.0,36.0,48.0,54.0,,,,,,,,,,,,,,,,,,,,,,,,,,,,,,,,,,,,,,,,,,,,,,,,,,,,,,,,,,,,,,,,,,,,,,,,,,,,,,,,,,,,,,,,,,,,,,,,,,,,,,,,,,,,,,,,,,,,,,,,,,,,,
1625147489.571569,8e:e6:fe:38:be:d7,1,1,1346.0,506f9a16030101,,,,84,GooglePixel3A_V,1.0,2.0,5.5,11.0,,,,,6.0,9.0,12.0,18.0,24.0,36.0,48.0,54.0,,,,,,,,,,,,,,,,,,,,,,,,,,,,,,,,,,,,,,,,,,,,,,,,,,,,,,,,,,,,,,,,,,,,,,,,,,,,,,,,,,,,,,,,,,,,,,,,,,,,,,,,,,,,,,,,,,,,,,,,,,,,,
1625147489.593917,8e:e6:fe:38:be:d7,1,2,1347.0,506f9a16030101,,,,84,GooglePixel3A_V,1.0,2.0,5.5,11.0,,,,,6.0,9.0,12.0,18.0,24.0,36.0,48.0,54.0,,,,,,,,,,,,,,,,,,,,,,,,,,,,,,,,,,,,,,,,,,,,,,,,,,,,,,,,,,,,,,,,,,,,,,,,,,,,,,,,,,,,,,,,,,,,,,,,,,,,,,,,,,,,,,,,,,,,,,,,,,,,,
1625147489.616424,8e:e6:fe:38:be:d7,1,3,1348.0,506f9a16030101,,,,84,GooglePixel3A_V,1.0,2.0,5.5,11.0,,,,,6.0,9.0,12.0,18.0,24.0,36.0,48.0,54.0,,,,,,,,,,,,,,,,,,,,,,,,,,,,,,,,,,,,,,,,,,,,,,,,,,,,,,,,,,,,,,,,,,,,,,,,,,,,,,,,,,,,,,,,,,,,,,,,,,,,,,,,,,,,,,,,,,,,,,,,,,,,,
1625147489.743093,8e:e6:fe:38:be:d7,11,9,1353.0,506f9a16030101,,,,84,GooglePixel3A_V,1.0,2.0,5.5,11.0,,,,,6.0,9.0,12.0,18.0,24.0,36.0,48.0,54.0,,,,,,,,,,,,,,,,,,,,,,,,,,,,,,,,,,,,,,,,,,,,,,,,,,,,,,,,,,,,,,,,,,,,,,,,,,,,,,,,,,,,,,,,,,,,,,,,,,,,,,,,,,,,,,,,,,,,,,,,,,,,,
1625147489.785424,8e:e6:fe:38:be:d7,11,10,1354.0,506f9a16030101,,,,84,GooglePixel3A_V,1.0,2.0,5.5,11.0,,,,,6.0,9.0,12.0,18.0,24.0,36.0,48.0,54.0,,,,,,,,,,,,,,,,,,,,,,,,,,,,,,,,,,,,,,,,,,,,,,,,,,,,,,,,,,,,,,,,,,,,,,,,,,,,,,,,,,,,,,,,,,,,,,,,,,,,,,,,,,,,,,,,,,,,,,,,,,,,,
1625147489.803048,8e:e6:fe:38:be:d7,11,11,1355.0,506f9a16030101,,,,84,GooglePixel3A_V,1.0,2.0,5.5,11.0,,,,,6.0,9.0,12.0,18.0,24.0,36.0,48.0,54.0,,,,,,,,,,,,,,,,,,,,,,,,,,,,,,,,,,,,,,,,,,,,,,,,,,,,,,,,,,,,,,,,,,,,,,,,,,,,,,,,,,,,,,,,,,,,,,,,,,,,,,,,,,,,,,,,,,,,,,,,,,,,,
1625147489.820396,8e:e6:fe:38:be:d7,11,12,1356.0,506f9a16030101,,,,84,GooglePixel3A_V,1.0,2.0,5.5,11.0,,,,,6.0,9.0,12.0,18.0,24.0,36.0,48.0,54.0,,,,,,,,,,,,,,,,,,,,,,,,,,,,,,,,,,,,,,,,,,,,,,,,,,,,,,,,,,,,,,,,,,,,,,,,,,,,,,,,,,,,,,,,,,,,,,,,,,,,,,,,,,,,,,,,,,,,,,,,,,,,,
1625147489.837991,8e:e6:fe:38:be:d7,11,13,1357.0,506f9a16030101,,,,84,GooglePixel3A_V,1.0,2.0,5.5,11.0,,,,,6.0,9.0,12.0,18.0,24.0,36.0,48.0,54.0,,,,,,,,,,,,,,,,,,,,,,,,,,,,,,,,,,,,,,,,,,,,,,,,,,,,,,,,,,,,,,,,,,,,,,,,,,,,,,,,,,,,,,,,,,,,,,,,,,,,,,,,,,,,,,,,,,,,,,,,,,,,,
1625147549.604693,72:66:ce:5b:37:72,1,1,1447.0,506f9a16030101,,,,84,GooglePixel3A_V,1.0,2.0,5.5,11.0,,,,,6.0,9.0,12.0,18.0,24.0,36.0,48.0,54.0,,,,,,,,,,,,,,,,,,,,,,,,,,,,,,,,,,,,,,,,,,,,,,,,,,,,,,,,,,,,,,,,,,,,,,,,,,,,,,,,,,,,,,,,,,,,,,,,,,,,,,,,,,,,,,,,,,,,,,,,,,,,,
1625147549.627173,72:66:ce:5b:37:72,1,2,1448.0,506f9a16030101,,,,84,GooglePixel3A_V,1.0,2.0,5.5,11.0,,,,,6.0,9.0,12.0,18.0,24.0,36.0,48.0,54.0,,,,,,,,,,,,,,,,,,,,,,,,,,,,,,,,,,,,,,,,,,,,,,,,,,,,,,,,,,,,,,,,,,,,,,,,,,,,,,,,,,,,,,,,,,,,,,,,,,,,,,,,,,,,,,,,,,,,,,,,,,,,,
1625147549.650042,72:66:ce:5b:37:72,1,3,1449.0,506f9a16030101,,,,84,GooglePixel3A_V,1.0,2.0,5.5,11.0,,,,,6.0,9.0,12.0,18.0,24.0,36.0,48.0,54.0,,,,,,,,,,,,,,,,,,,,,,,,,,,,,,,,,,,,,,,,,,,,,,,,,,,,,,,,,,,,,,,,,,,,,,,,,,,,,,,,,,,,,,,,,,,,,,,,,,,,,,,,,,,,,,,,,,,,,,,,,,,,,
1625147549.732291,72:66:ce:5b:37:72,6,6,1452.0,506f9a16030101,,,,72,GooglePixel3A_V,1.0,2.0,5.5,11.0,,,,,6.0,9.0,12.0,18.0,24.0,36.0,48.0,54.0,,,,,,,,,,,,,,,,,,,,,,,,,,,,,,,,,,,,,,,,,,,,,,,,,,,,,,,,,,,,,,,,,,,,,,,,,,,,,,,,,,,,,,,,,,,,,,,,,,,,,,,,,,,,,,,,,,,,,,,,,,,,,
1625147549.796948,72:66:ce:5b:37:72,11,9,1454.0,506f9a16030101,,,,84,GooglePixel3A_V,1.0,2.0,5.5,11.0,,,,,6.0,9.0,12.0,18.0,24.0,36.0,48.0,54.0,,,,,,,,,,,,,,,,,,,,,,,,,,,,,,,,,,,,,,,,,,,,,,,,,,,,,,,,,,,,,,,,,,,,,,,,,,,,,,,,,,,,,,,,,,,,,,,,,,,,,,,,,,,,,,,,,,,,,,,,,,,,,
1625147549.839421,72:66:ce:5b:37:72,11,10,1455.0,506f9a16030101,,,,84,GooglePixel3A_V,1.0,2.0,5.5,11.0,,,,,6.0,9.0,12.0,18.0,24.0,36.0,48.0,54.0,,,,,,,,,,,,,,,,,,,,,,,,,,,,,,,,,,,,,,,,,,,,,,,,,,,,,,,,,,,,,,,,,,,,,,,,,,,,,,,,,,,,,,,,,,,,,,,,,,,,,,,,,,,,,,,,,,,,,,,,,,,,,
1625147549.861609,72:66:ce:5b:37:72,11,11,1456.0,506f9a16030101,,,,84,GooglePixel3A_V,1.0,2.0,5.5,11.0,,,,,6.0,9.0,12.0,18.0,24.0,36.0,48.0,54.0,,,,,,,,,,,,,,,,,,,,,,,,,,,,,,,,,,,,,,,,,,,,,,,,,,,,,,,,,,,,,,,,,,,,,,,,,,,,,,,,,,,,,,,,,,,,,,,,,,,,,,,,,,,,,,,,,,,,,,,,,,,,,
1625147549.903798,72:66:ce:5b:37:72,11,12,1457.0,506f9a16030101,,,,84,GooglePixel3A_V,1.0,2.0,5.5,11.0,,,,,6.0,9.0,12.0,18.0,24.0,36.0,48.0,54.0,,,,,,,,,,,,,,,,,,,,,,,,,,,,,,,,,,,,,,,,,,,,,,,,,,,,,,,,,,,,,,,,,,,,,,,,,,,,,,,,,,,,,,,,,,,,,,,,,,,,,,,,,,,,,,,,,,,,,,,,,,,,,
1625147549.921155,72:66:ce:5b:37:72,11,13,1458.0,506f9a16030101,,,,84,GooglePixel3A_V,1.0,2.0,5.5,11.0,,,,,6.0,9.0,12.0,18.0,24.0,36.0,48.0,54.0,,,,,,,,,,,,,,,,,,,,,,,,,,,,,,,,,,,,,,,,,,,,,,,,,,,,,,,,,,,,,,,,,,,,,,,,,,,,,,,,,,,,,,,,,,,,,,,,,,,,,,,,,,,,,,,,,,,,,,,,,,,,,
1625147729.639052,7e:0d:d2:a2:fe:f9,1,1,1451.0,506f9a16030101,,,,84,GooglePixel3A_V,1.0,2.0,5.5,11.0,,,,,6.0,9.0,12.0,18.0,24.0,36.0,48.0,54.0,,,,,,,,,,,,,,,,,,,,,,,,,,,,,,,,,,,,,,,,,,,,,,,,,,,,,,,,,,,,,,,,,,,,,,,,,,,,,,,,,,,,,,,,,,,,,,,,,,,,,,,,,,,,,,,,,,,,,,,,,,,,,
1625147729.661472,7e:0d:d2:a2:fe:f9,1,2,1452.0,506f9a16030101,,,,84,GooglePixel3A_V,1.0,2.0,5.5,11.0,,,,,6.0,9.0,12.0,18.0,24.0,36.0,48.0,54.0,,,,,,,,,,,,,,,,,,,,,,,,,,,,,,,,,,,,,,,,,,,,,,,,,,,,,,,,,,,,,,,,,,,,,,,,,,,,,,,,,,,,,,,,,,,,,,,,,,,,,,,,,,,,,,,,,,,,,,,,,,,,,
1625147729.684065,7e:0d:d2:a2:fe:f9,1,3,1453.0,506f9a16030101,,,,84,GooglePixel3A_V,1.0,2.0,5.5,11.0,,,,,6.0,9.0,12.0,18.0,24.0,36.0,48.0,54.0,,,,,,,,,,,,,,,,,,,,,,,,,,,,,,,,,,,,,,,,,,,,,,,,,,,,,,,,,,,,,,,,,,,,,,,,,,,,,,,,,,,,,,,,,,,,,,,,,,,,,,,,,,,,,,,,,,,,,,,,,,,,,
1625147729.706297,7e:0d:d2:a2:fe:f9,1,4,1454.0,506f9a16030101,,,,84,GooglePixel3A_V,1.0,2.0,5.5,11.0,,,,,6.0,9.0,12.0,18.0,24.0,36.0,48.0,54.0,,,,,,,,,,,,,,,,,,,,,,,,,,,,,,,,,,,,,,,,,,,,,,,,,,,,,,,,,,,,,,,,,,,,,,,,,,,,,,,,,,,,,,,,,,,,,,,,,,,,,,,,,,,,,,,,,,,,,,,,,,,,,
1625147729.791082,7e:0d:d2:a2:fe:f9,11,9,1458.0,506f9a16030101,,,,84,GooglePixel3A_V,1.0,2.0,5.5,11.0,,,,,6.0,9.0,12.0,18.0,24.0,36.0,48.0,54.0,,,,,,,,,,,,,,,,,,,,,,,,,,,,,,,,,,,,,,,,,,,,,,,,,,,,,,,,,,,,,,,,,,,,,,,,,,,,,,,,,,,,,,,,,,,,,,,,,,,,,,,,,,,,,,,,,,,,,,,,,,,,,
1625147729.833801,7e:0d:d2:a2:fe:f9,11,10,1459.0,506f9a16030101,,,,84,GooglePixel3A_V,1.0,2.0,5.5,11.0,,,,,6.0,9.0,12.0,18.0,24.0,36.0,48.0,54.0,,,,,,,,,,,,,,,,,,,,,,,,,,,,,,,,,,,,,,,,,,,,,,,,,,,,,,,,,,,,,,,,,,,,,,,,,,,,,,,,,,,,,,,,,,,,,,,,,,,,,,,,,,,,,,,,,,,,,,,,,,,,,
1625147729.851351,7e:0d:d2:a2:fe:f9,11,11,1460.0,506f9a16030101,,,,84,GooglePixel3A_V,1.0,2.0,5.5,11.0,,,,,6.0,9.0,12.0,18.0,24.0,36.0,48.0,54.0,,,,,,,,,,,,,,,,,,,,,,,,,,,,,,,,,,,,,,,,,,,,,,,,,,,,,,,,,,,,,,,,,,,,,,,,,,,,,,,,,,,,,,,,,,,,,,,,,,,,,,,,,,,,,,,,,,,,,,,,,,,,,
1625147729.893188,7e:0d:d2:a2:fe:f9,11,12,1461.0,506f9a16030101,,,,84,GooglePixel3A_V,1.0,2.0,5.5,11.0,,,,,6.0,9.0,12.0,18.0,24.0,36.0,48.0,54.0,,,,,,,,,,,,,,,,,,,,,,,,,,,,,,,,,,,,,,,,,,,,,,,,,,,,,,,,,,,,,,,,,,,,,,,,,,,,,,,,,,,,,,,,,,,,,,,,,,,,,,,,,,,,,,,,,,,,,,,,,,,,,
1625147729.910664,7e:0d:d2:a2:fe:f9,11,13,1462.0,506f9a16030101,,,,84,GooglePixel3A_V,1.0,2.0,5.5,11.0,,,,,6.0,9.0,12.0,18.0,24.0,36.0,48.0,54.0,,,,,,,,,,,,,,,,,,,,,,,,,,,,,,,,,,,,,,,,,,,,,,,,,,,,,,,,,,,,,,,,,,,,,,,,,,,,,,,,,,,,,,,,,,,,,,,,,,,,,,,,,,,,,,,,,,,,,,,,,,,,,
1625147909.672832,02:92:18:20:0f:af,1,1,1830.0,506f9a16030101,,,,84,GooglePixel3A_V,1.0,2.0,5.5,11.0,,,,,6.0,9.0,12.0,18.0,24.0,36.0,48.0,54.0,,,,,,,,,,,,,,,,,,,,,,,,,,,,,,,,,,,,,,,,,,,,,,,,,,,,,,,,,,,,,,,,,,,,,,,,,,,,,,,,,,,,,,,,,,,,,,,,,,,,,,,,,,,,,,,,,,,,,,,,,,,,,
1625147909.695265,02:92:18:20:0f:af,1,2,1831.0,506f9a16030101,,,,84,GooglePixel3A_V,1.0,2.0,5.5,11.0,,,,,6.0,9.0,12.0,18.0,24.0,36.0,48.0,54.0,,,,,,,,,,,,,,,,,,,,,,,,,,,,,,,,,,,,,,,,,,,,,,,,,,,,,,,,,,,,,,,,,,,,,,,,,,,,,,,,,,,,,,,,,,,,,,,,,,,,,,,,,,,,,,,,,,,,,,,,,,,,,
1625147909.717801,02:92:18:20:0f:af,1,3,1832.0,506f9a16030101,,,,84,GooglePixel3A_V,1.0,2.0,5.5,11.0,,,,,6.0,9.0,12.0,18.0,24.0,36.0,48.0,54.0,,,,,,,,,,,,,,,,,,,,,,,,,,,,,,,,,,,,,,,,,,,,,,,,,,,,,,,,,,,,,,,,,,,,,,,,,,,,,,,,,,,,,,,,,,,,,,,,,,,,,,,,,,,,,,,,,,,,,,,,,,,,,
1625147909.740199,02:92:18:20:0f:af,1,4,1833.0,506f9a16030101,,,,84,GooglePixel3A_V,1.0,2.0,5.5,11.0,,,,,6.0,9.0,12.0,18.0,24.0,36.0,48.0,54.0,,,,,,,,,,,,,,,,,,,,,,,,,,,,,,,,,,,,,,,,,,,,,,,,,,,,,,,,,,,,,,,,,,,,,,,,,,,,,,,,,,,,,,,,,,,,,,,,,,,,,,,,,,,,,,,,,,,,,,,,,,,,,
1625147909.839806,02:92:18:20:0f:af,11,9,1837.0,506f9a16030101,,,,84,GooglePixel3A_V,1.0,2.0,5.5,11.0,,,,,6.0,9.0,12.0,18.0,24.0,36.0,48.0,54.0,,,,,,,,,,,,,,,,,,,,,,,,,,,,,,,,,,,,,,,,,,,,,,,,,,,,,,,,,,,,,,,,,,,,,,,,,,,,,,,,,,,,,,,,,,,,,,,,,,,,,,,,,,,,,,,,,,,,,,,,,,,,,
1625147909.881952,02:92:18:20:0f:af,11,10,1838.0,506f9a16030101,,,,84,GooglePixel3A_V,1.0,2.0,5.5,11.0,,,,,6.0,9.0,12.0,18.0,24.0,36.0,48.0,54.0,,,,,,,,,,,,,,,,,,,,,,,,,,,,,,,,,,,,,,,,,,,,,,,,,,,,,,,,,,,,,,,,,,,,,,,,,,,,,,,,,,,,,,,,,,,,,,,,,,,,,,,,,,,,,,,,,,,,,,,,,,,,,
1625147909.89915,02:92:18:20:0f:af,11,11,1839.0,506f9a16030101,,,,84,GooglePixel3A_V,1.0,2.0,5.5,11.0,,,,,6.0,9.0,12.0,18.0,24.0,36.0,48.0,54.0,,,,,,,,,,,,,,,,,,,,,,,,,,,,,,,,,,,,,,,,,,,,,,,,,,,,,,,,,,,,,,,,,,,,,,,,,,,,,,,,,,,,,,,,,,,,,,,,,,,,,,,,,,,,,,,,,,,,,,,,,,,,,
1625147909.921438,02:92:18:20:0f:af,11,12,1840.0,506f9a16030101,,,,84,GooglePixel3A_V,1.0,2.0,5.5,11.0,,,,,6.0,9.0,12.0,18.0,24.0,36.0,48.0,54.0,,,,,,,,,,,,,,,,,,,,,,,,,,,,,,,,,,,,,,,,,,,,,,,,,,,,,,,,,,,,,,,,,,,,,,,,,,,,,,,,,,,,,,,,,,,,,,,,,,,,,,,,,,,,,,,,,,,,,,,,,,,,,
1625147909.938843,02:92:18:20:0f:af,11,13,1841.0,506f9a16030101,,,,84,GooglePixel3A_V,1.0,2.0,5.5,11.0,,,,,6.0,9.0,12.0,18.0,24.0,36.0,48.0,54.0,,,,,,,,,,,,,,,,,,,,,,,,,,,,,,,,,,,,,,,,,,,,,,,,,,,,,,,,,,,,,,,,,,,,,,,,,,,,,,,,,,,,,,,,,,,,,,,,,,,,,,,,,,,,,,,,,,,,,,,,,,,,,
1625148089.706829,1e:f2:5a:2a:13:68,1,1,164.0,506f9a16030101,,,,84,GooglePixel3A_V,1.0,2.0,5.5,11.0,,,,,6.0,9.0,12.0,18.0,24.0,36.0,48.0,54.0,,,,,,,,,,,,,,,,,,,,,,,,,,,,,,,,,,,,,,,,,,,,,,,,,,,,,,,,,,,,,,,,,,,,,,,,,,,,,,,,,,,,,,,,,,,,,,,,,,,,,,,,,,,,,,,,,,,,,,,,,,,,,
1625148089.729359,1e:f2:5a:2a:13:68,1,2,165.0,506f9a16030101,,,,84,GooglePixel3A_V,1.0,2.0,5.5,11.0,,,,,6.0,9.0,12.0,18.0,24.0,36.0,48.0,54.0,,,,,,,,,,,,,,,,,,,,,,,,,,,,,,,,,,,,,,,,,,,,,,,,,,,,,,,,,,,,,,,,,,,,,,,,,,,,,,,,,,,,,,,,,,,,,,,,,,,,,,,,,,,,,,,,,,,,,,,,,,,,,
1625148089.751884,1e:f2:5a:2a:13:68,1,3,166.0,506f9a16030101,,,,84,GooglePixel3A_V,1.0,2.0,5.5,11.0,,,,,6.0,9.0,12.0,18.0,24.0,36.0,48.0,54.0,,,,,,,,,,,,,,,,,,,,,,,,,,,,,,,,,,,,,,,,,,,,,,,,,,,,,,,,,,,,,,,,,,,,,,,,,,,,,,,,,,,,,,,,,,,,,,,,,,,,,,,,,,,,,,,,,,,,,,,,,,,,,
1625148089.86407,1e:f2:5a:2a:13:68,11,9,171.0,506f9a16030101,,,,84,GooglePixel3A_V,1.0,2.0,5.5,11.0,,,,,6.0,9.0,12.0,18.0,24.0,36.0,48.0,54.0,,,,,,,,,,,,,,,,,,,,,,,,,,,,,,,,,,,,,,,,,,,,,,,,,,,,,,,,,,,,,,,,,,,,,,,,,,,,,,,,,,,,,,,,,,,,,,,,,,,,,,,,,,,,,,,,,,,,,,,,,,,,,
1625148089.906298,1e:f2:5a:2a:13:68,11,10,172.0,506f9a16030101,,,,84,GooglePixel3A_V,1.0,2.0,5.5,11.0,,,,,6.0,9.0,12.0,18.0,24.0,36.0,48.0,54.0,,,,,,,,,,,,,,,,,,,,,,,,,,,,,,,,,,,,,,,,,,,,,,,,,,,,,,,,,,,,,,,,,,,,,,,,,,,,,,,,,,,,,,,,,,,,,,,,,,,,,,,,,,,,,,,,,,,,,,,,,,,,,
1625148089.923502,1e:f2:5a:2a:13:68,11,11,173.0,506f9a16030101,,,,84,GooglePixel3A_V,1.0,2.0,5.5,11.0,,,,,6.0,9.0,12.0,18.0,24.0,36.0,48.0,54.0,,,,,,,,,,,,,,,,,,,,,,,,,,,,,,,,,,,,,,,,,,,,,,,,,,,,,,,,,,,,,,,,,,,,,,,,,,,,,,,,,,,,,,,,,,,,,,,,,,,,,,,,,,,,,,,,,,,,,,,,,,,,,
1625148089.965797,1e:f2:5a:2a:13:68,11,12,174.0,506f9a16030101,,,,84,GooglePixel3A_V,1.0,2.0,5.5,11.0,,,,,6.0,9.0,12.0,18.0,24.0,36.0,48.0,54.0,,,,,,,,,,,,,,,,,,,,,,,,,,,,,,,,,,,,,,,,,,,,,,,,,,,,,,,,,,,,,,,,,,,,,,,,,,,,,,,,,,,,,,,,,,,,,,,,,,,,,,,,,,,,,,,,,,,,,,,,,,,,,
1625148089.983396,1e:f2:5a:2a:13:68,11,13,175.0,506f9a16030101,,,,84,GooglePixel3A_V,1.0,2.0,5.5,11.0,,,,,6.0,9.0,12.0,18.0,24.0,36.0,48.0,54.0,,,,,,,,,,,,,,,,,,,,,,,,,,,,,,,,,,,,,,,,,,,,,,,,,,,,,,,,,,,,,,,,,,,,,,,,,,,,,,,,,,,,,,,,,,,,,,,,,,,,,,,,,,,,,,,,,,,,,,,,,,,,,
1625148269.740691,b2:7c:57:27:9d:37,1,1,1762.0,506f9a16030101,,,,84,GooglePixel3A_V,1.0,2.0,5.5,11.0,,,,,6.0,9.0,12.0,18.0,24.0,36.0,48.0,54.0,,,,,,,,,,,,,,,,,,,,,,,,,,,,,,,,,,,,,,,,,,,,,,,,,,,,,,,,,,,,,,,,,,,,,,,,,,,,,,,,,,,,,,,,,,,,,,,,,,,,,,,,,,,,,,,,,,,,,,,,,,,,,
1625148269.781929,b2:7c:57:27:9d:37,1,2,1763.0,506f9a16030101,,,,84,GooglePixel3A_V,1.0,2.0,5.5,11.0,,,,,6.0,9.0,12.0,18.0,24.0,36.0,48.0,54.0,,,,,,,,,,,,,,,,,,,,,,,,,,,,,,,,,,,,,,,,,,,,,,,,,,,,,,,,,,,,,,,,,,,,,,,,,,,,,,,,,,,,,,,,,,,,,,,,,,,,,,,,,,,,,,,,,,,,,,,,,,,,,
1625148269.804465,b2:7c:57:27:9d:37,1,3,1764.0,506f9a16030101,,,,84,GooglePixel3A_V,1.0,2.0,5.5,11.0,,,,,6.0,9.0,12.0,18.0,24.0,36.0,48.0,54.0,,,,,,,,,,,,,,,,,,,,,,,,,,,,,,,,,,,,,,,,,,,,,,,,,,,,,,,,,,,,,,,,,,,,,,,,,,,,,,,,,,,,,,,,,,,,,,,,,,,,,,,,,,,,,,,,,,,,,,,,,,,,,
1625148269.861578,b2:7c:57:27:9d:37,6,6,1767.0,506f9a16030101,,,,72,GooglePixel3A_V,1.0,2.0,5.5,11.0,,,,,6.0,9.0,12.0,18.0,24.0,36.0,48.0,54.0,,,,,,,,,,,,,,,,,,,,,,,,,,,,,,,,,,,,,,,,,,,,,,,,,,,,,,,,,,,,,,,,,,,,,,,,,,,,,,,,,,,,,,,,,,,,,,,,,,,,,,,,,,,,,,,,,,,,,,,,,,,,,
1625148269.906346,b2:7c:57:27:9d:37,11,9,1769.0,506f9a16030101,,,,84,GooglePixel3A_V,1.0,2.0,5.5,11.0,,,,,6.0,9.0,12.0,18.0,24.0,36.0,48.0,54.0,,,,,,,,,,,,,,,,,,,,,,,,,,,,,,,,,,,,,,,,,,,,,,,,,,,,,,,,,,,,,,,,,,,,,,,,,,,,,,,,,,,,,,,,,,,,,,,,,,,,,,,,,,,,,,,,,,,,,,,,,,,,,
1625148269.90635,b2:7c:57:27:9d:37,6,9,1769.0,506f9a16030101,,,,72,GooglePixel3A_V,1.0,2.0,5.5,11.0,,,,,6.0,9.0,12.0,18.0,24.0,36.0,48.0,54.0,,,,,,,,,,,,,,,,,,,,,,,,,,,,,,,,,,,,,,,,,,,,,,,,,,,,,,,,,,,,,,,,,,,,,,,,,,,,,,,,,,,,,,,,,,,,,,,,,,,,,,,,,,,,,,,,,,,,,,,,,,,,,
1625148269.948875,b2:7c:57:27:9d:37,11,10,1770.0,506f9a16030101,,,,84,GooglePixel3A_V,1.0,2.0,5.5,11.0,,,,,6.0,9.0,12.0,18.0,24.0,36.0,48.0,54.0,,,,,,,,,,,,,,,,,,,,,,,,,,,,,,,,,,,,,,,,,,,,,,,,,,,,,,,,,,,,,,,,,,,,,,,,,,,,,,,,,,,,,,,,,,,,,,,,,,,,,,,,,,,,,,,,,,,,,,,,,,,,,
1625148269.967392,b2:7c:57:27:9d:37,11,11,1771.0,506f9a16030101,,,,84,GooglePixel3A_V,1.0,2.0,5.5,11.0,,,,,6.0,9.0,12.0,18.0,24.0,36.0,48.0,54.0,,,,,,,,,,,,,,,,,,,,,,,,,,,,,,,,,,,,,,,,,,,,,,,,,,,,,,,,,,,,,,,,,,,,,,,,,,,,,,,,,,,,,,,,,,,,,,,,,,,,,,,,,,,,,,,,,,,,,,,,,,,,,
1625148269.989934,b2:7c:57:27:9d:37,11,12,1772.0,506f9a16030101,,,,84,GooglePixel3A_V,1.0,2.0,5.5,11.0,,,,,6.0,9.0,12.0,18.0,24.0,36.0,48.0,54.0,,,,,,,,,,,,,,,,,,,,,,,,,,,,,,,,,,,,,,,,,,,,,,,,,,,,,,,,,,,,,,,,,,,,,,,,,,,,,,,,,,,,,,,,,,,,,,,,,,,,,,,,,,,,,,,,,,,,,,,,,,,,,
1625148270.007584,b2:7c:57:27:9d:37,11,13,1773.0,506f9a16030101,,,,84,GooglePixel3A_V,1.0,2.0,5.5,11.0,,,,,6.0,9.0,12.0,18.0,24.0,36.0,48.0,54.0,,,,,,,,,,,,,,,,,,,,,,,,,,,,,,,,,,,,,,,,,,,,,,,,,,,,,,,,,,,,,,,,,,,,,,,,,,,,,,,,,,,,,,,,,,,,,,,,,,,,,,,,,,,,,,,,,,,,,,,,,,,,,
1625148449.774559,0a:15:ab:98:1b:ea,1,1,95.0,506f9a16030101,,,,84,GooglePixel3A_V,1.0,2.0,5.5,11.0,,,,,6.0,9.0,12.0,18.0,24.0,36.0,48.0,54.0,,,,,,,,,,,,,,,,,,,,,,,,,,,,,,,,,,,,,,,,,,,,,,,,,,,,,,,,,,,,,,,,,,,,,,,,,,,,,,,,,,,,,,,,,,,,,,,,,,,,,,,,,,,,,,,,,,,,,,,,,,,,,
1625148449.797149,0a:15:ab:98:1b:ea,1,2,96.0,506f9a16030101,,,,84,GooglePixel3A_V,1.0,2.0,5.5,11.0,,,,,6.0,9.0,12.0,18.0,24.0,36.0,48.0,54.0,,,,,,,,,,,,,,,,,,,,,,,,,,,,,,,,,,,,,,,,,,,,,,,,,,,,,,,,,,,,,,,,,,,,,,,,,,,,,,,,,,,,,,,,,,,,,,,,,,,,,,,,,,,,,,,,,,,,,,,,,,,,,
1625148449.814961,0a:15:ab:98:1b:ea,1,3,97.0,506f9a16030101,,,,84,GooglePixel3A_V,1.0,2.0,5.5,11.0,,,,,6.0,9.0,12.0,18.0,24.0,36.0,48.0,54.0,,,,,,,,,,,,,,,,,,,,,,,,,,,,,,,,,,,,,,,,,,,,,,,,,,,,,,,,,,,,,,,,,,,,,,,,,,,,,,,,,,,,,,,,,,,,,,,,,,,,,,,,,,,,,,,,,,,,,,,,,,,,,
1625148449.871914,0a:15:ab:98:1b:ea,6,6,100.0,506f9a16030101,,,,72,GooglePixel3A_V,1.0,2.0,5.5,11.0,,,,,6.0,9.0,12.0,18.0,24.0,36.0,48.0,54.0,,,,,,,,,,,,,,,,,,,,,,,,,,,,,,,,,,,,,,,,,,,,,,,,,,,,,,,,,,,,,,,,,,,,,,,,,,,,,,,,,,,,,,,,,,,,,,,,,,,,,,,,,,,,,,,,,,,,,,,,,,,,,
1625148449.937018,0a:15:ab:98:1b:ea,11,9,102.0,506f9a16030101,,,,84,GooglePixel3A_V,1.0,2.0,5.5,11.0,,,,,6.0,9.0,12.0,18.0,24.0,36.0,48.0,54.0,,,,,,,,,,,,,,,,,,,,,,,,,,,,,,,,,,,,,,,,,,,,,,,,,,,,,,,,,,,,,,,,,,,,,,,,,,,,,,,,,,,,,,,,,,,,,,,,,,,,,,,,,,,,,,,,,,,,,,,,,,,,,
1625148449.979002,0a:15:ab:98:1b:ea,11,10,103.0,506f9a16030101,,,,84,GooglePixel3A_V,1.0,2.0,5.5,11.0,,,,,6.0,9.0,12.0,18.0,24.0,36.0,48.0,54.0,,,,,,,,,,,,,,,,,,,,,,,,,,,,,,,,,,,,,,,,,,,,,,,,,,,,,,,,,,,,,,,,,,,,,,,,,,,,,,,,,,,,,,,,,,,,,,,,,,,,,,,,,,,,,,,,,,,,,,,,,,,,,
1625148449.99651,0a:15:ab:98:1b:ea,11,11,104.0,506f9a16030101,,,,84,GooglePixel3A_V,1.0,2.0,5.5,11.0,,,,,6.0,9.0,12.0,18.0,24.0,36.0,48.0,54.0,,,,,,,,,,,,,,,,,,,,,,,,,,,,,,,,,,,,,,,,,,,,,,,,,,,,,,,,,,,,,,,,,,,,,,,,,,,,,,,,,,,,,,,,,,,,,,,,,,,,,,,,,,,,,,,,,,,,,,,,,,,,,
1625148450.015421,0a:15:ab:98:1b:ea,11,12,105.0,506f9a16030101,,,,84,GooglePixel3A_V,1.0,2.0,5.5,11.0,,,,,6.0,9.0,12.0,18.0,24.0,36.0,48.0,54.0,,,,,,,,,,,,,,,,,,,,,,,,,,,,,,,,,,,,,,,,,,,,,,,,,,,,,,,,,,,,,,,,,,,,,,,,,,,,,,,,,,,,,,,,,,,,,,,,,,,,,,,,,,,,,,,,,,,,,,,,,,,,,
1625148450.032815,0a:15:ab:98:1b:ea,11,13,106.0,506f9a16030101,,,,84,GooglePixel3A_V,1.0,2.0,5.5,11.0,,,,,6.0,9.0,12.0,18.0,24.0,36.0,48.0,54.0,,,,,,,,,,,,,,,,,,,,,,,,,,,,,,,,,,,,,,,,,,,,,,,,,,,,,,,,,,,,,,,,,,,,,,,,,,,,,,,,,,,,,,,,,,,,,,,,,,,,,,,,,,,,,,,,,,,,,,,,,,,,,
1625149171.462457,62:6b:1b:46:66:1e,1,1,1387.0,0050f208002700,,,,84,GooglePixel3A_V,1.0,2.0,5.5,11.0,,,,,6.0,9.0,12.0,18.0,24.0,36.0,48.0,54.0,,,,,,,,,,,,,,,,,,,,,,,,,,,,,,,,,,,,,,,,,,,,,,,,,,,,,,,,,,,,,,,,,,,,,,,,,,,,,,,,,,,,,,,,,,,,,,,,,,,,,,,,,,,,,,,,,,,,,,,,,,,,,
1625149171.48259,62:6b:1b:46:66:1e,1,1,1388.0,0050f208002700,,,,84,GooglePixel3A_V,1.0,2.0,5.5,11.0,,,,,6.0,9.0,12.0,18.0,24.0,36.0,48.0,54.0,,,,,,,,,,,,,,,,,,,,,,,,,,,,,,,,,,,,,,,,,,,,,,,,,,,,,,,,,,,,,,,,,,,,,,,,,,,,,,,,,,,,,,,,,,,,,,,,,,,,,,,,,,,,,,,,,,,,,,,,,,,,,
1625149171.504718,62:6b:1b:46:66:1e,1,2,1389.0,0050f208002700,,,,84,GooglePixel3A_V,1.0,2.0,5.5,11.0,,,,,6.0,9.0,12.0,18.0,24.0,36.0,48.0,54.0,,,,,,,,,,,,,,,,,,,,,,,,,,,,,,,,,,,,,,,,,,,,,,,,,,,,,,,,,,,,,,,,,,,,,,,,,,,,,,,,,,,,,,,,,,,,,,,,,,,,,,,,,,,,,,,,,,,,,,,,,,,,,
1625149171.524796,62:6b:1b:46:66:1e,1,2,1390.0,0050f208002700,,,,84,GooglePixel3A_V,1.0,2.0,5.5,11.0,,,,,6.0,9.0,12.0,18.0,24.0,36.0,48.0,54.0,,,,,,,,,,,,,,,,,,,,,,,,,,,,,,,,,,,,,,,,,,,,,,,,,,,,,,,,,,,,,,,,,,,,,,,,,,,,,,,,,,,,,,,,,,,,,,,,,,,,,,,,,,,,,,,,,,,,,,,,,,,,,
1625149171.567549,62:6b:1b:46:66:1e,1,3,1392.0,0050f208002700,,,,84,GooglePixel3A_V,1.0,2.0,5.5,11.0,,,,,6.0,9.0,12.0,18.0,24.0,36.0,48.0,54.0,,,,,,,,,,,,,,,,,,,,,,,,,,,,,,,,,,,,,,,,,,,,,,,,,,,,,,,,,,,,,,,,,,,,,,,,,,,,,,,,,,,,,,,,,,,,,,,,,,,,,,,,,,,,,,,,,,,,,,,,,,,,,
1625149171.695246,62:6b:1b:46:66:1e,6,6,1398.0,0050f208002700,,,,72,GooglePixel3A_V,1.0,2.0,5.5,11.0,,,,,6.0,9.0,12.0,18.0,24.0,36.0,48.0,54.0,,,,,,,,,,,,,,,,,,,,,,,,,,,,,,,,,,,,,,,,,,,,,,,,,,,,,,,,,,,,,,,,,,,,,,,,,,,,,,,,,,,,,,,,,,,,,,,,,,,,,,,,,,,,,,,,,,,,,,,,,,,,,
1625149171.737823,62:6b:1b:46:66:1e,6,7,1400.0,0050f208002700,,,,72,GooglePixel3A_V,1.0,2.0,5.5,11.0,,,,,6.0,9.0,12.0,18.0,24.0,36.0,48.0,54.0,,,,,,,,,,,,,,,,,,,,,,,,,,,,,,,,,,,,,,,,,,,,,,,,,,,,,,,,,,,,,,,,,,,,,,,,,,,,,,,,,,,,,,,,,,,,,,,,,,,,,,,,,,,,,,,,,,,,,,,,,,,,,
1625149171.803484,62:6b:1b:46:66:1e,11,9,1403.0,0050f208002700,,,,84,GooglePixel3A_V,1.0,2.0,5.5,11.0,,,,,6.0,9.0,12.0,18.0,24.0,36.0,48.0,54.0,,,,,,,,,,,,,,,,,,,,,,,,,,,,,,,,,,,,,,,,,,,,,,,,,,,,,,,,,,,,,,,,,,,,,,,,,,,,,,,,,,,,,,,,,,,,,,,,,,,,,,,,,,,,,,,,,,,,,,,,,,,,,
1625149171.823348,62:6b:1b:46:66:1e,11,9,1404.0,0050f208002700,,,,84,GooglePixel3A_V,1.0,2.0,5.5,11.0,,,,,6.0,9.0,12.0,18.0,24.0,36.0,48.0,54.0,,,,,,,,,,,,,,,,,,,,,,,,,,,,,,,,,,,,,,,,,,,,,,,,,,,,,,,,,,,,,,,,,,,,,,,,,,,,,,,,,,,,,,,,,,,,,,,,,,,,,,,,,,,,,,,,,,,,,,,,,,,,,
1625149171.823374,62:6b:1b:46:66:1e,6,9,1404.0,0050f208002700,,,,72,GooglePixel3A_V,1.0,2.0,5.5,11.0,,,,,6.0,9.0,12.0,18.0,24.0,36.0,48.0,54.0,,,,,,,,,,,,,,,,,,,,,,,,,,,,,,,,,,,,,,,,,,,,,,,,,,,,,,,,,,,,,,,,,,,,,,,,,,,,,,,,,,,,,,,,,,,,,,,,,,,,,,,,,,,,,,,,,,,,,,,,,,,,,
1625149171.846134,62:6b:1b:46:66:1e,11,10,1405.0,0050f208002700,,,,84,GooglePixel3A_V,1.0,2.0,5.5,11.0,,,,,6.0,9.0,12.0,18.0,24.0,36.0,48.0,54.0,,,,,,,,,,,,,,,,,,,,,,,,,,,,,,,,,,,,,,,,,,,,,,,,,,,,,,,,,,,,,,,,,,,,,,,,,,,,,,,,,,,,,,,,,,,,,,,,,,,,,,,,,,,,,,,,,,,,,,,,,,,,,
1625149171.866202,62:6b:1b:46:66:1e,11,10,1406.0,0050f208002700,,,,84,GooglePixel3A_V,1.0,2.0,5.5,11.0,,,,,6.0,9.0,12.0,18.0,24.0,36.0,48.0,54.0,,,,,,,,,,,,,,,,,,,,,,,,,,,,,,,,,,,,,,,,,,,,,,,,,,,,,,,,,,,,,,,,,,,,,,,,,,,,,,,,,,,,,,,,,,,,,,,,,,,,,,,,,,,,,,,,,,,,,,,,,,,,,
1625149171.889079,62:6b:1b:46:66:1e,11,11,1407.0,0050f208002700,,,,84,GooglePixel3A_V,1.0,2.0,5.5,11.0,,,,,6.0,9.0,12.0,18.0,24.0,36.0,48.0,54.0,,,,,,,,,,,,,,,,,,,,,,,,,,,,,,,,,,,,,,,,,,,,,,,,,,,,,,,,,,,,,,,,,,,,,,,,,,,,,,,,,,,,,,,,,,,,,,,,,,,,,,,,,,,,,,,,,,,,,,,,,,,,,
1625149171.908597,62:6b:1b:46:66:1e,11,11,1408.0,0050f208002700,,,,84,GooglePixel3A_V,1.0,2.0,5.5,11.0,,,,,6.0,9.0,12.0,18.0,24.0,36.0,48.0,54.0,,,,,,,,,,,,,,,,,,,,,,,,,,,,,,,,,,,,,,,,,,,,,,,,,,,,,,,,,,,,,,,,,,,,,,,,,,,,,,,,,,,,,,,,,,,,,,,,,,,,,,,,,,,,,,,,,,,,,,,,,,,,,
1625149171.931071,62:6b:1b:46:66:1e,11,12,1409.0,0050f208002700,,,,84,GooglePixel3A_V,1.0,2.0,5.5,11.0,,,,,6.0,9.0,12.0,18.0,24.0,36.0,48.0,54.0,,,,,,,,,,,,,,,,,,,,,,,,,,,,,,,,,,,,,,,,,,,,,,,,,,,,,,,,,,,,,,,,,,,,,,,,,,,,,,,,,,,,,,,,,,,,,,,,,,,,,,,,,,,,,,,,,,,,,,,,,,,,,
1625149171.951175,62:6b:1b:46:66:1e,11,12,1410.0,0050f208002700,,,,84,GooglePixel3A_V,1.0,2.0,5.5,11.0,,,,,6.0,9.0,12.0,18.0,24.0,36.0,48.0,54.0,,,,,,,,,,,,,,,,,,,,,,,,,,,,,,,,,,,,,,,,,,,,,,,,,,,,,,,,,,,,,,,,,,,,,,,,,,,,,,,,,,,,,,,,,,,,,,,,,,,,,,,,,,,,,,,,,,,,,,,,,,,,,
1625149171.973992,62:6b:1b:46:66:1e,11,13,1411.0,0050f208002700,,,,84,GooglePixel3A_V,1.0,2.0,5.5,11.0,,,,,6.0,9.0,12.0,18.0,24.0,36.0,48.0,54.0,,,,,,,,,,,,,,,,,,,,,,,,,,,,,,,,,,,,,,,,,,,,,,,,,,,,,,,,,,,,,,,,,,,,,,,,,,,,,,,,,,,,,,,,,,,,,,,,,,,,,,,,,,,,,,,,,,,,,,,,,,,,,
1625149171.994055,62:6b:1b:46:66:1e,11,13,1412.0,0050f208002700,,,,84,GooglePixel3A_V,1.0,2.0,5.5,11.0,,,,,6.0,9.0,12.0,18.0,24.0,36.0,48.0,54.0,,,,,,,,,,,,,,,,,,,,,,,,,,,,,,,,,,,,,,,,,,,,,,,,,,,,,,,,,,,,,,,,,,,,,,,,,,,,,,,,,,,,,,,,,,,,,,,,,,,,,,,,,,,,,,,,,,,,,,,,,,,,,
1625149352.536122,c6:84:0f:7a:13:ff,1,1,276.0,0050f208002700,,,,84,GooglePixel3A_V,1.0,2.0,5.5,11.0,,,,,6.0,9.0,12.0,18.0,24.0,36.0,48.0,54.0,,,,,,,,,,,,,,,,,,,,,,,,,,,,,,,,,,,,,,,,,,,,,,,,,,,,,,,,,,,,,,,,,,,,,,,,,,,,,,,,,,,,,,,,,,,,,,,,,,,,,,,,,,,,,,,,,,,,,,,,,,,,,
1625149352.556199,c6:84:0f:7a:13:ff,1,1,277.0,0050f208002700,,,,84,GooglePixel3A_V,1.0,2.0,5.5,11.0,,,,,6.0,9.0,12.0,18.0,24.0,36.0,48.0,54.0,,,,,,,,,,,,,,,,,,,,,,,,,,,,,,,,,,,,,,,,,,,,,,,,,,,,,,,,,,,,,,,,,,,,,,,,,,,,,,,,,,,,,,,,,,,,,,,,,,,,,,,,,,,,,,,,,,,,,,,,,,,,,
1625149352.578588,c6:84:0f:7a:13:ff,1,2,278.0,0050f208002700,,,,84,GooglePixel3A_V,1.0,2.0,5.5,11.0,,,,,6.0,9.0,12.0,18.0,24.0,36.0,48.0,54.0,,,,,,,,,,,,,,,,,,,,,,,,,,,,,,,,,,,,,,,,,,,,,,,,,,,,,,,,,,,,,,,,,,,,,,,,,,,,,,,,,,,,,,,,,,,,,,,,,,,,,,,,,,,,,,,,,,,,,,,,,,,,,
1625149352.598795,c6:84:0f:7a:13:ff,1,2,279.0,0050f208002700,,,,84,GooglePixel3A_V,1.0,2.0,5.5,11.0,,,,,6.0,9.0,12.0,18.0,24.0,36.0,48.0,54.0,,,,,,,,,,,,,,,,,,,,,,,,,,,,,,,,,,,,,,,,,,,,,,,,,,,,,,,,,,,,,,,,,,,,,,,,,,,,,,,,,,,,,,,,,,,,,,,,,,,,,,,,,,,,,,,,,,,,,,,,,,,,,
1625149352.621698,c6:84:0f:7a:13:ff,1,3,280.0,0050f208002700,,,,84,GooglePixel3A_V,1.0,2.0,5.5,11.0,,,,,6.0,9.0,12.0,18.0,24.0,36.0,48.0,54.0,,,,,,,,,,,,,,,,,,,,,,,,,,,,,,,,,,,,,,,,,,,,,,,,,,,,,,,,,,,,,,,,,,,,,,,,,,,,,,,,,,,,,,,,,,,,,,,,,,,,,,,,,,,,,,,,,,,,,,,,,,,,,
1625149352.641799,c6:84:0f:7a:13:ff,1,3,281.0,0050f208002700,,,,84,GooglePixel3A_V,1.0,2.0,5.5,11.0,,,,,6.0,9.0,12.0,18.0,24.0,36.0,48.0,54.0,,,,,,,,,,,,,,,,,,,,,,,,,,,,,,,,,,,,,,,,,,,,,,,,,,,,,,,,,,,,,,,,,,,,,,,,,,,,,,,,,,,,,,,,,,,,,,,,,,,,,,,,,,,,,,,,,,,,,,,,,,,,,
1625149352.769464,c6:84:0f:7a:13:ff,6,6,287.0,0050f208002700,,,,72,GooglePixel3A_V,1.0,2.0,5.5,11.0,,,,,6.0,9.0,12.0,18.0,24.0,36.0,48.0,54.0,,,,,,,,,,,,,,,,,,,,,,,,,,,,,,,,,,,,,,,,,,,,,,,,,,,,,,,,,,,,,,,,,,,,,,,,,,,,,,,,,,,,,,,,,,,,,,,,,,,,,,,,,,,,,,,,,,,,,,,,,,,,,
1625149352.877377,c6:84:0f:7a:13:ff,11,9,292.0,0050f208002700,,,,84,GooglePixel3A_V,1.0,2.0,5.5,11.0,,,,,6.0,9.0,12.0,18.0,24.0,36.0,48.0,54.0,,,,,,,,,,,,,,,,,,,,,,,,,,,,,,,,,,,,,,,,,,,,,,,,,,,,,,,,,,,,,,,,,,,,,,,,,,,,,,,,,,,,,,,,,,,,,,,,,,,,,,,,,,,,,,,,,,,,,,,,,,,,,
1625149352.897364,c6:84:0f:7a:13:ff,11,9,293.0,0050f208002700,,,,84,GooglePixel3A_V,1.0,2.0,5.5,11.0,,,,,6.0,9.0,12.0,18.0,24.0,36.0,48.0,54.0,,,,,,,,,,,,,,,,,,,,,,,,,,,,,,,,,,,,,,,,,,,,,,,,,,,,,,,,,,,,,,,,,,,,,,,,,,,,,,,,,,,,,,,,,,,,,,,,,,,,,,,,,,,,,,,,,,,,,,,,,,,,,
1625149352.920081,c6:84:0f:7a:13:ff,11,10,294.0,0050f208002700,,,,84,GooglePixel3A_V,1.0,2.0,5.5,11.0,,,,,6.0,9.0,12.0,18.0,24.0,36.0,48.0,54.0,,,,,,,,,,,,,,,,,,,,,,,,,,,,,,,,,,,,,,,,,,,,,,,,,,,,,,,,,,,,,,,,,,,,,,,,,,,,,,,,,,,,,,,,,,,,,,,,,,,,,,,,,,,,,,,,,,,,,,,,,,,,,
1625149352.940302,c6:84:0f:7a:13:ff,11,10,295.0,0050f208002700,,,,84,GooglePixel3A_V,1.0,2.0,5.5,11.0,,,,,6.0,9.0,12.0,18.0,24.0,36.0,48.0,54.0,,,,,,,,,,,,,,,,,,,,,,,,,,,,,,,,,,,,,,,,,,,,,,,,,,,,,,,,,,,,,,,,,,,,,,,,,,,,,,,,,,,,,,,,,,,,,,,,,,,,,,,,,,,,,,,,,,,,,,,,,,,,,
1625149352.963256,c6:84:0f:7a:13:ff,11,11,296.0,0050f208002700,,,,84,GooglePixel3A_V,1.0,2.0,5.5,11.0,,,,,6.0,9.0,12.0,18.0,24.0,36.0,48.0,54.0,,,,,,,,,,,,,,,,,,,,,,,,,,,,,,,,,,,,,,,,,,,,,,,,,,,,,,,,,,,,,,,,,,,,,,,,,,,,,,,,,,,,,,,,,,,,,,,,,,,,,,,,,,,,,,,,,,,,,,,,,,,,,
1625149352.982802,c6:84:0f:7a:13:ff,11,11,297.0,0050f208002700,,,,84,GooglePixel3A_V,1.0,2.0,5.5,11.0,,,,,6.0,9.0,12.0,18.0,24.0,36.0,48.0,54.0,,,,,,,,,,,,,,,,,,,,,,,,,,,,,,,,,,,,,,,,,,,,,,,,,,,,,,,,,,,,,,,,,,,,,,,,,,,,,,,,,,,,,,,,,,,,,,,,,,,,,,,,,,,,,,,,,,,,,,,,,,,,,
1625149353.005301,c6:84:0f:7a:13:ff,11,12,298.0,0050f208002700,,,,84,GooglePixel3A_V,1.0,2.0,5.5,11.0,,,,,6.0,9.0,12.0,18.0,24.0,36.0,48.0,54.0,,,,,,,,,,,,,,,,,,,,,,,,,,,,,,,,,,,,,,,,,,,,,,,,,,,,,,,,,,,,,,,,,,,,,,,,,,,,,,,,,,,,,,,,,,,,,,,,,,,,,,,,,,,,,,,,,,,,,,,,,,,,,
1625149353.025501,c6:84:0f:7a:13:ff,11,12,299.0,0050f208002700,,,,84,GooglePixel3A_V,1.0,2.0,5.5,11.0,,,,,6.0,9.0,12.0,18.0,24.0,36.0,48.0,54.0,,,,,,,,,,,,,,,,,,,,,,,,,,,,,,,,,,,,,,,,,,,,,,,,,,,,,,,,,,,,,,,,,,,,,,,,,,,,,,,,,,,,,,,,,,,,,,,,,,,,,,,,,,,,,,,,,,,,,,,,,,,,,
1625149353.048307,c6:84:0f:7a:13:ff,11,13,300.0,0050f208002700,,,,84,GooglePixel3A_V,1.0,2.0,5.5,11.0,,,,,6.0,9.0,12.0,18.0,24.0,36.0,48.0,54.0,,,,,,,,,,,,,,,,,,,,,,,,,,,,,,,,,,,,,,,,,,,,,,,,,,,,,,,,,,,,,,,,,,,,,,,,,,,,,,,,,,,,,,,,,,,,,,,,,,,,,,,,,,,,,,,,,,,,,,,,,,,,,
1625149353.068375,c6:84:0f:7a:13:ff,11,13,301.0,0050f208002700,,,,84,GooglePixel3A_V,1.0,2.0,5.5,11.0,,,,,6.0,9.0,12.0,18.0,24.0,36.0,48.0,54.0,,,,,,,,,,,,,,,,,,,,,,,,,,,,,,,,,,,,,,,,,,,,,,,,,,,,,,,,,,,,,,,,,,,,,,,,,,,,,,,,,,,,,,,,,,,,,,,,,,,,,,,,,,,,,,,,,,,,,,,,,,,,,
1625149541.290243,da:4d:b1:16:41:8b,1,1,609.0,0050f208002700,,,,84,GooglePixel3A_V,1.0,2.0,5.5,11.0,,,,,6.0,9.0,12.0,18.0,24.0,36.0,48.0,54.0,,,,,,,,,,,,,,,,,,,,,,,,,,,,,,,,,,,,,,,,,,,,,,,,,,,,,,,,,,,,,,,,,,,,,,,,,,,,,,,,,,,,,,,,,,,,,,,,,,,,,,,,,,,,,,,,,,,,,,,,,,,,,
1625149541.310325,da:4d:b1:16:41:8b,1,1,610.0,0050f208002700,,,,84,GooglePixel3A_V,1.0,2.0,5.5,11.0,,,,,6.0,9.0,12.0,18.0,24.0,36.0,48.0,54.0,,,,,,,,,,,,,,,,,,,,,,,,,,,,,,,,,,,,,,,,,,,,,,,,,,,,,,,,,,,,,,,,,,,,,,,,,,,,,,,,,,,,,,,,,,,,,,,,,,,,,,,,,,,,,,,,,,,,,,,,,,,,,
1625149541.332815,da:4d:b1:16:41:8b,1,2,611.0,0050f208002700,,,,84,GooglePixel3A_V,1.0,2.0,5.5,11.0,,,,,6.0,9.0,12.0,18.0,24.0,36.0,48.0,54.0,,,,,,,,,,,,,,,,,,,,,,,,,,,,,,,,,,,,,,,,,,,,,,,,,,,,,,,,,,,,,,,,,,,,,,,,,,,,,,,,,,,,,,,,,,,,,,,,,,,,,,,,,,,,,,,,,,,,,,,,,,,,,
1625149541.375702,da:4d:b1:16:41:8b,1,3,613.0,0050f208002700,,,,84,GooglePixel3A_V,1.0,2.0,5.5,11.0,,,,,6.0,9.0,12.0,18.0,24.0,36.0,48.0,54.0,,,,,,,,,,,,,,,,,,,,,,,,,,,,,,,,,,,,,,,,,,,,,,,,,,,,,,,,,,,,,,,,,,,,,,,,,,,,,,,,,,,,,,,,,,,,,,,,,,,,,,,,,,,,,,,,,,,,,,,,,,,,,
1625149541.395835,da:4d:b1:16:41:8b,1,3,614.0,0050f208002700,,,,84,GooglePixel3A_V,1.0,2.0,5.5,11.0,,,,,6.0,9.0,12.0,18.0,24.0,36.0,48.0,54.0,,,,,,,,,,,,,,,,,,,,,,,,,,,,,,,,,,,,,,,,,,,,,,,,,,,,,,,,,,,,,,,,,,,,,,,,,,,,,,,,,,,,,,,,,,,,,,,,,,,,,,,,,,,,,,,,,,,,,,,,,,,,,
1625149541.524315,da:4d:b1:16:41:8b,6,6,620.0,0050f208002700,,,,72,GooglePixel3A_V,1.0,2.0,5.5,11.0,,,,,6.0,9.0,12.0,18.0,24.0,36.0,48.0,54.0,,,,,,,,,,,,,,,,,,,,,,,,,,,,,,,,,,,,,,,,,,,,,,,,,,,,,,,,,,,,,,,,,,,,,,,,,,,,,,,,,,,,,,,,,,,,,,,,,,,,,,,,,,,,,,,,,,,,,,,,,,,,,
1625149541.632333,da:4d:b1:16:41:8b,11,9,625.0,0050f208002700,,,,84,GooglePixel3A_V,1.0,2.0,5.5,11.0,,,,,6.0,9.0,12.0,18.0,24.0,36.0,48.0,54.0,,,,,,,,,,,,,,,,,,,,,,,,,,,,,,,,,,,,,,,,,,,,,,,,,,,,,,,,,,,,,,,,,,,,,,,,,,,,,,,,,,,,,,,,,,,,,,,,,,,,,,,,,,,,,,,,,,,,,,,,,,,,,
1625149541.652558,da:4d:b1:16:41:8b,11,9,626.0,0050f208002700,,,,84,GooglePixel3A_V,1.0,2.0,5.5,11.0,,,,,6.0,9.0,12.0,18.0,24.0,36.0,48.0,54.0,,,,,,,,,,,,,,,,,,,,,,,,,,,,,,,,,,,,,,,,,,,,,,,,,,,,,,,,,,,,,,,,,,,,,,,,,,,,,,,,,,,,,,,,,,,,,,,,,,,,,,,,,,,,,,,,,,,,,,,,,,,,,
1625149541.675265,da:4d:b1:16:41:8b,11,10,627.0,0050f208002700,,,,84,GooglePixel3A_V,1.0,2.0,5.5,11.0,,,,,6.0,9.0,12.0,18.0,24.0,36.0,48.0,54.0,,,,,,,,,,,,,,,,,,,,,,,,,,,,,,,,,,,,,,,,,,,,,,,,,,,,,,,,,,,,,,,,,,,,,,,,,,,,,,,,,,,,,,,,,,,,,,,,,,,,,,,,,,,,,,,,,,,,,,,,,,,,,
1625149541.695424,da:4d:b1:16:41:8b,11,10,628.0,0050f208002700,,,,84,GooglePixel3A_V,1.0,2.0,5.5,11.0,,,,,6.0,9.0,12.0,18.0,24.0,36.0,48.0,54.0,,,,,,,,,,,,,,,,,,,,,,,,,,,,,,,,,,,,,,,,,,,,,,,,,,,,,,,,,,,,,,,,,,,,,,,,,,,,,,,,,,,,,,,,,,,,,,,,,,,,,,,,,,,,,,,,,,,,,,,,,,,,,
1625149541.717863,da:4d:b1:16:41:8b,11,11,629.0,0050f208002700,,,,84,GooglePixel3A_V,1.0,2.0,5.5,11.0,,,,,6.0,9.0,12.0,18.0,24.0,36.0,48.0,54.0,,,,,,,,,,,,,,,,,,,,,,,,,,,,,,,,,,,,,,,,,,,,,,,,,,,,,,,,,,,,,,,,,,,,,,,,,,,,,,,,,,,,,,,,,,,,,,,,,,,,,,,,,,,,,,,,,,,,,,,,,,,,,
1625149541.738021,da:4d:b1:16:41:8b,11,11,630.0,0050f208002700,,,,84,GooglePixel3A_V,1.0,2.0,5.5,11.0,,,,,6.0,9.0,12.0,18.0,24.0,36.0,48.0,54.0,,,,,,,,,,,,,,,,,,,,,,,,,,,,,,,,,,,,,,,,,,,,,,,,,,,,,,,,,,,,,,,,,,,,,,,,,,,,,,,,,,,,,,,,,,,,,,,,,,,,,,,,,,,,,,,,,,,,,,,,,,,,,
1625149541.760547,da:4d:b1:16:41:8b,11,12,631.0,0050f208002700,,,,84,GooglePixel3A_V,1.0,2.0,5.5,11.0,,,,,6.0,9.0,12.0,18.0,24.0,36.0,48.0,54.0,,,,,,,,,,,,,,,,,,,,,,,,,,,,,,,,,,,,,,,,,,,,,,,,,,,,,,,,,,,,,,,,,,,,,,,,,,,,,,,,,,,,,,,,,,,,,,,,,,,,,,,,,,,,,,,,,,,,,,,,,,,,,
1625149541.760581,da:4d:b1:16:41:8b,6,12,631.0,0050f208002700,,,,72,GooglePixel3A_V,1.0,2.0,5.5,11.0,,,,,6.0,9.0,12.0,18.0,24.0,36.0,48.0,54.0,,,,,,,,,,,,,,,,,,,,,,,,,,,,,,,,,,,,,,,,,,,,,,,,,,,,,,,,,,,,,,,,,,,,,,,,,,,,,,,,,,,,,,,,,,,,,,,,,,,,,,,,,,,,,,,,,,,,,,,,,,,,,
1625149541.780607,da:4d:b1:16:41:8b,11,12,632.0,0050f208002700,,,,84,GooglePixel3A_V,1.0,2.0,5.5,11.0,,,,,6.0,9.0,12.0,18.0,24.0,36.0,48.0,54.0,,,,,,,,,,,,,,,,,,,,,,,,,,,,,,,,,,,,,,,,,,,,,,,,,,,,,,,,,,,,,,,,,,,,,,,,,,,,,,,,,,,,,,,,,,,,,,,,,,,,,,,,,,,,,,,,,,,,,,,,,,,,,
1625149541.78064,da:4d:b1:16:41:8b,6,12,632.0,0050f208002700,,,,72,GooglePixel3A_V,1.0,2.0,5.5,11.0,,,,,6.0,9.0,12.0,18.0,24.0,36.0,48.0,54.0,,,,,,,,,,,,,,,,,,,,,,,,,,,,,,,,,,,,,,,,,,,,,,,,,,,,,,,,,,,,,,,,,,,,,,,,,,,,,,,,,,,,,,,,,,,,,,,,,,,,,,,,,,,,,,,,,,,,,,,,,,,,,
1625149541.803367,da:4d:b1:16:41:8b,11,13,633.0,0050f208002700,,,,84,GooglePixel3A_V,1.0,2.0,5.5,11.0,,,,,6.0,9.0,12.0,18.0,24.0,36.0,48.0,54.0,,,,,,,,,,,,,,,,,,,,,,,,,,,,,,,,,,,,,,,,,,,,,,,,,,,,,,,,,,,,,,,,,,,,,,,,,,,,,,,,,,,,,,,,,,,,,,,,,,,,,,,,,,,,,,,,,,,,,,,,,,,,,
1625149541.823467,da:4d:b1:16:41:8b,11,13,634.0,0050f208002700,,,,84,GooglePixel3A_V,1.0,2.0,5.5,11.0,,,,,6.0,9.0,12.0,18.0,24.0,36.0,48.0,54.0,,,,,,,,,,,,,,,,,,,,,,,,,,,,,,,,,,,,,,,,,,,,,,,,,,,,,,,,,,,,,,,,,,,,,,,,,,,,,,,,,,,,,,,,,,,,,,,,,,,,,,,,,,,,,,,,,,,,,,,,,,,,,
1625149721.340556,9e:75:08:46:d3:0d,1,1,1610.0,0050f208002700,,,,84,GooglePixel3A_V,1.0,2.0,5.5,11.0,,,,,6.0,9.0,12.0,18.0,24.0,36.0,48.0,54.0,,,,,,,,,,,,,,,,,,,,,,,,,,,,,,,,,,,,,,,,,,,,,,,,,,,,,,,,,,,,,,,,,,,,,,,,,,,,,,,,,,,,,,,,,,,,,,,,,,,,,,,,,,,,,,,,,,,,,,,,,,,,,
1625149721.360724,9e:75:08:46:d3:0d,1,1,1611.0,0050f208002700,,,,84,GooglePixel3A_V,1.0,2.0,5.5,11.0,,,,,6.0,9.0,12.0,18.0,24.0,36.0,48.0,54.0,,,,,,,,,,,,,,,,,,,,,,,,,,,,,,,,,,,,,,,,,,,,,,,,,,,,,,,,,,,,,,,,,,,,,,,,,,,,,,,,,,,,,,,,,,,,,,,,,,,,,,,,,,,,,,,,,,,,,,,,,,,,,
1625149721.425983,9e:75:08:46:d3:0d,1,3,1614.0,0050f208002700,,,,84,GooglePixel3A_V,1.0,2.0,5.5,11.0,,,,,6.0,9.0,12.0,18.0,24.0,36.0,48.0,54.0,,,,,,,,,,,,,,,,,,,,,,,,,,,,,,,,,,,,,,,,,,,,,,,,,,,,,,,,,,,,,,,,,,,,,,,,,,,,,,,,,,,,,,,,,,,,,,,,,,,,,,,,,,,,,,,,,,,,,,,,,,,,,
1625149721.44617,9e:75:08:46:d3:0d,1,3,1615.0,0050f208002700,,,,84,GooglePixel3A_V,1.0,2.0,5.5,11.0,,,,,6.0,9.0,12.0,18.0,24.0,36.0,48.0,54.0,,,,,,,,,,,,,,,,,,,,,,,,,,,,,,,,,,,,,,,,,,,,,,,,,,,,,,,,,,,,,,,,,,,,,,,,,,,,,,,,,,,,,,,,,,,,,,,,,,,,,,,,,,,,,,,,,,,,,,,,,,,,,
1625149721.531219,9e:75:08:46:d3:0d,6,5,1619.0,0050f208002700,,,,72,GooglePixel3A_V,1.0,2.0,5.5,11.0,,,,,6.0,9.0,12.0,18.0,24.0,36.0,48.0,54.0,,,,,,,,,,,,,,,,,,,,,,,,,,,,,,,,,,,,,,,,,,,,,,,,,,,,,,,,,,,,,,,,,,,,,,,,,,,,,,,,,,,,,,,,,,,,,,,,,,,,,,,,,,,,,,,,,,,,,,,,,,,,,
1625149721.573742,9e:75:08:46:d3:0d,6,6,1621.0,0050f208002700,,,,72,GooglePixel3A_V,1.0,2.0,5.5,11.0,,,,,6.0,9.0,12.0,18.0,24.0,36.0,48.0,54.0,,,,,,,,,,,,,,,,,,,,,,,,,,,,,,,,,,,,,,,,,,,,,,,,,,,,,,,,,,,,,,,,,,,,,,,,,,,,,,,,,,,,,,,,,,,,,,,,,,,,,,,,,,,,,,,,,,,,,,,,,,,,,
1625149721.682055,9e:75:08:46:d3:0d,11,9,1626.0,0050f208002700,,,,84,GooglePixel3A_V,1.0,2.0,5.5,11.0,,,,,6.0,9.0,12.0,18.0,24.0,36.0,48.0,54.0,,,,,,,,,,,,,,,,,,,,,,,,,,,,,,,,,,,,,,,,,,,,,,,,,,,,,,,,,,,,,,,,,,,,,,,,,,,,,,,,,,,,,,,,,,,,,,,,,,,,,,,,,,,,,,,,,,,,,,,,,,,,,
1625149721.702151,9e:75:08:46:d3:0d,11,9,1627.0,0050f208002700,,,,84,GooglePixel3A_V,1.0,2.0,5.5,11.0,,,,,6.0,9.0,12.0,18.0,24.0,36.0,48.0,54.0,,,,,,,,,,,,,,,,,,,,,,,,,,,,,,,,,,,,,,,,,,,,,,,,,,,,,,,,,,,,,,,,,,,,,,,,,,,,,,,,,,,,,,,,,,,,,,,,,,,,,,,,,,,,,,,,,,,,,,,,,,,,,
1625149721.702204,9e:75:08:46:d3:0d,6,9,1627.0,0050f208002700,,,,72,GooglePixel3A_V,1.0,2.0,5.5,11.0,,,,,6.0,9.0,12.0,18.0,24.0,36.0,48.0,54.0,,,,,,,,,,,,,,,,,,,,,,,,,,,,,,,,,,,,,,,,,,,,,,,,,,,,,,,,,,,,,,,,,,,,,,,,,,,,,,,,,,,,,,,,,,,,,,,,,,,,,,,,,,,,,,,,,,,,,,,,,,,,,
1625149721.7249,9e:75:08:46:d3:0d,11,10,1628.0,0050f208002700,,,,84,GooglePixel3A_V,1.0,2.0,5.5,11.0,,,,,6.0,9.0,12.0,18.0,24.0,36.0,48.0,54.0,,,,,,,,,,,,,,,,,,,,,,,,,,,,,,,,,,,,,,,,,,,,,,,,,,,,,,,,,,,,,,,,,,,,,,,,,,,,,,,,,,,,,,,,,,,,,,,,,,,,,,,,,,,,,,,,,,,,,,,,,,,,,
1625149721.745179,9e:75:08:46:d3:0d,11,10,1629.0,0050f208002700,,,,84,GooglePixel3A_V,1.0,2.0,5.5,11.0,,,,,6.0,9.0,12.0,18.0,24.0,36.0,48.0,54.0,,,,,,,,,,,,,,,,,,,,,,,,,,,,,,,,,,,,,,,,,,,,,,,,,,,,,,,,,,,,,,,,,,,,,,,,,,,,,,,,,,,,,,,,,,,,,,,,,,,,,,,,,,,,,,,,,,,,,,,,,,,,,
1625149721.768047,9e:75:08:46:d3:0d,11,11,1630.0,0050f208002700,,,,84,GooglePixel3A_V,1.0,2.0,5.5,11.0,,,,,6.0,9.0,12.0,18.0,24.0,36.0,48.0,54.0,,,,,,,,,,,,,,,,,,,,,,,,,,,,,,,,,,,,,,,,,,,,,,,,,,,,,,,,,,,,,,,,,,,,,,,,,,,,,,,,,,,,,,,,,,,,,,,,,,,,,,,,,,,,,,,,,,,,,,,,,,,,,
1625149721.787732,9e:75:08:46:d3:0d,11,11,1631.0,0050f208002700,,,,84,GooglePixel3A_V,1.0,2.0,5.5,11.0,,,,,6.0,9.0,12.0,18.0,24.0,36.0,48.0,54.0,,,,,,,,,,,,,,,,,,,,,,,,,,,,,,,,,,,,,,,,,,,,,,,,,,,,,,,,,,,,,,,,,,,,,,,,,,,,,,,,,,,,,,,,,,,,,,,,,,,,,,,,,,,,,,,,,,,,,,,,,,,,,
1625149721.810337,9e:75:08:46:d3:0d,11,12,1632.0,0050f208002700,,,,84,GooglePixel3A_V,1.0,2.0,5.5,11.0,,,,,6.0,9.0,12.0,18.0,24.0,36.0,48.0,54.0,,,,,,,,,,,,,,,,,,,,,,,,,,,,,,,,,,,,,,,,,,,,,,,,,,,,,,,,,,,,,,,,,,,,,,,,,,,,,,,,,,,,,,,,,,,,,,,,,,,,,,,,,,,,,,,,,,,,,,,,,,,,,
1625149721.830599,9e:75:08:46:d3:0d,11,12,1633.0,0050f208002700,,,,84,GooglePixel3A_V,1.0,2.0,5.5,11.0,,,,,6.0,9.0,12.0,18.0,24.0,36.0,48.0,54.0,,,,,,,,,,,,,,,,,,,,,,,,,,,,,,,,,,,,,,,,,,,,,,,,,,,,,,,,,,,,,,,,,,,,,,,,,,,,,,,,,,,,,,,,,,,,,,,,,,,,,,,,,,,,,,,,,,,,,,,,,,,,,
1625149721.853535,9e:75:08:46:d3:0d,11,13,1634.0,0050f208002700,,,,84,GooglePixel3A_V,1.0,2.0,5.5,11.0,,,,,6.0,9.0,12.0,18.0,24.0,36.0,48.0,54.0,,,,,,,,,,,,,,,,,,,,,,,,,,,,,,,,,,,,,,,,,,,,,,,,,,,,,,,,,,,,,,,,,,,,,,,,,,,,,,,,,,,,,,,,,,,,,,,,,,,,,,,,,,,,,,,,,,,,,,,,,,,,,
1625149721.873719,9e:75:08:46:d3:0d,11,13,1635.0,0050f208002700,,,,84,GooglePixel3A_V,1.0,2.0,5.5,11.0,,,,,6.0,9.0,12.0,18.0,24.0,36.0,48.0,54.0,,,,,,,,,,,,,,,,,,,,,,,,,,,,,,,,,,,,,,,,,,,,,,,,,,,,,,,,,,,,,,,,,,,,,,,,,,,,,,,,,,,,,,,,,,,,,,,,,,,,,,,,,,,,,,,,,,,,,,,,,,,,,
1625149979.038461,62:2e:9b:9a:8b:d8,1,1,215.0,0050f208002700,,,,84,GooglePixel3A_V,1.0,2.0,5.5,11.0,,,,,6.0,9.0,12.0,18.0,24.0,36.0,48.0,54.0,,,,,,,,,,,,,,,,,,,,,,,,,,,,,,,,,,,,,,,,,,,,,,,,,,,,,,,,,,,,,,,,,,,,,,,,,,,,,,,,,,,,,,,,,,,,,,,,,,,,,,,,,,,,,,,,,,,,,,,,,,,,,
1625149979.058548,62:2e:9b:9a:8b:d8,1,1,216.0,0050f208002700,,,,84,GooglePixel3A_V,1.0,2.0,5.5,11.0,,,,,6.0,9.0,12.0,18.0,24.0,36.0,48.0,54.0,,,,,,,,,,,,,,,,,,,,,,,,,,,,,,,,,,,,,,,,,,,,,,,,,,,,,,,,,,,,,,,,,,,,,,,,,,,,,,,,,,,,,,,,,,,,,,,,,,,,,,,,,,,,,,,,,,,,,,,,,,,,,
1625149979.080924,62:2e:9b:9a:8b:d8,1,2,217.0,0050f208002700,,,,84,GooglePixel3A_V,1.0,2.0,5.5,11.0,,,,,6.0,9.0,12.0,18.0,24.0,36.0,48.0,54.0,,,,,,,,,,,,,,,,,,,,,,,,,,,,,,,,,,,,,,,,,,,,,,,,,,,,,,,,,,,,,,,,,,,,,,,,,,,,,,,,,,,,,,,,,,,,,,,,,,,,,,,,,,,,,,,,,,,,,,,,,,,,,
1625149979.101076,62:2e:9b:9a:8b:d8,1,2,218.0,0050f208002700,,,,84,GooglePixel3A_V,1.0,2.0,5.5,11.0,,,,,6.0,9.0,12.0,18.0,24.0,36.0,48.0,54.0,,,,,,,,,,,,,,,,,,,,,,,,,,,,,,,,,,,,,,,,,,,,,,,,,,,,,,,,,,,,,,,,,,,,,,,,,,,,,,,,,,,,,,,,,,,,,,,,,,,,,,,,,,,,,,,,,,,,,,,,,,,,,
1625149979.12384,62:2e:9b:9a:8b:d8,1,3,219.0,0050f208002700,,,,84,GooglePixel3A_V,1.0,2.0,5.5,11.0,,,,,6.0,9.0,12.0,18.0,24.0,36.0,48.0,54.0,,,,,,,,,,,,,,,,,,,,,,,,,,,,,,,,,,,,,,,,,,,,,,,,,,,,,,,,,,,,,,,,,,,,,,,,,,,,,,,,,,,,,,,,,,,,,,,,,,,,,,,,,,,,,,,,,,,,,,,,,,,,,
1625149979.144036,62:2e:9b:9a:8b:d8,1,3,220.0,0050f208002700,,,,84,GooglePixel3A_V,1.0,2.0,5.5,11.0,,,,,6.0,9.0,12.0,18.0,24.0,36.0,48.0,54.0,,,,,,,,,,,,,,,,,,,,,,,,,,,,,,,,,,,,,,,,,,,,,,,,,,,,,,,,,,,,,,,,,,,,,,,,,,,,,,,,,,,,,,,,,,,,,,,,,,,,,,,,,,,,,,,,,,,,,,,,,,,,,
1625149979.25174,62:2e:9b:9a:8b:d8,6,6,225.0,0050f208002700,,,,72,GooglePixel3A_V,1.0,2.0,5.5,11.0,,,,,6.0,9.0,12.0,18.0,24.0,36.0,48.0,54.0,,,,,,,,,,,,,,,,,,,,,,,,,,,,,,,,,,,,,,,,,,,,,,,,,,,,,,,,,,,,,,,,,,,,,,,,,,,,,,,,,,,,,,,,,,,,,,,,,,,,,,,,,,,,,,,,,,,,,,,,,,,,,
1625149979.271813,62:2e:9b:9a:8b:d8,6,6,226.0,0050f208002700,,,,72,GooglePixel3A_V,1.0,2.0,5.5,11.0,,,,,6.0,9.0,12.0,18.0,24.0,36.0,48.0,54.0,,,,,,,,,,,,,,,,,,,,,,,,,,,,,,,,,,,,,,,,,,,,,,,,,,,,,,,,,,,,,,,,,,,,,,,,,,,,,,,,,,,,,,,,,,,,,,,,,,,,,,,,,,,,,,,,,,,,,,,,,,,,,
1625149979.379515,62:2e:9b:9a:8b:d8,11,9,231.0,0050f208002700,,,,84,GooglePixel3A_V,1.0,2.0,5.5,11.0,,,,,6.0,9.0,12.0,18.0,24.0,36.0,48.0,54.0,,,,,,,,,,,,,,,,,,,,,,,,,,,,,,,,,,,,,,,,,,,,,,,,,,,,,,,,,,,,,,,,,,,,,,,,,,,,,,,,,,,,,,,,,,,,,,,,,,,,,,,,,,,,,,,,,,,,,,,,,,,,,
1625149979.400128,62:2e:9b:9a:8b:d8,11,9,232.0,0050f208002700,,,,84,GooglePixel3A_V,1.0,2.0,5.5,11.0,,,,,6.0,9.0,12.0,18.0,24.0,36.0,48.0,54.0,,,,,,,,,,,,,,,,,,,,,,,,,,,,,,,,,,,,,,,,,,,,,,,,,,,,,,,,,,,,,,,,,,,,,,,,,,,,,,,,,,,,,,,,,,,,,,,,,,,,,,,,,,,,,,,,,,,,,,,,,,,,,
1625149979.422553,62:2e:9b:9a:8b:d8,11,10,233.0,0050f208002700,,,,84,GooglePixel3A_V,1.0,2.0,5.5,11.0,,,,,6.0,9.0,12.0,18.0,24.0,36.0,48.0,54.0,,,,,,,,,,,,,,,,,,,,,,,,,,,,,,,,,,,,,,,,,,,,,,,,,,,,,,,,,,,,,,,,,,,,,,,,,,,,,,,,,,,,,,,,,,,,,,,,,,,,,,,,,,,,,,,,,,,,,,,,,,,,,
1625149979.442611,62:2e:9b:9a:8b:d8,11,10,234.0,0050f208002700,,,,84,GooglePixel3A_V,1.0,2.0,5.5,11.0,,,,,6.0,9.0,12.0,18.0,24.0,36.0,48.0,54.0,,,,,,,,,,,,,,,,,,,,,,,,,,,,,,,,,,,,,,,,,,,,,,,,,,,,,,,,,,,,,,,,,,,,,,,,,,,,,,,,,,,,,,,,,,,,,,,,,,,,,,,,,,,,,,,,,,,,,,,,,,,,,
1625149979.464963,62:2e:9b:9a:8b:d8,11,11,235.0,0050f208002700,,,,84,GooglePixel3A_V,1.0,2.0,5.5,11.0,,,,,6.0,9.0,12.0,18.0,24.0,36.0,48.0,54.0,,,,,,,,,,,,,,,,,,,,,,,,,,,,,,,,,,,,,,,,,,,,,,,,,,,,,,,,,,,,,,,,,,,,,,,,,,,,,,,,,,,,,,,,,,,,,,,,,,,,,,,,,,,,,,,,,,,,,,,,,,,,,
1625149979.485114,62:2e:9b:9a:8b:d8,11,11,236.0,0050f208002700,,,,84,GooglePixel3A_V,1.0,2.0,5.5,11.0,,,,,6.0,9.0,12.0,18.0,24.0,36.0,48.0,54.0,,,,,,,,,,,,,,,,,,,,,,,,,,,,,,,,,,,,,,,,,,,,,,,,,,,,,,,,,,,,,,,,,,,,,,,,,,,,,,,,,,,,,,,,,,,,,,,,,,,,,,,,,,,,,,,,,,,,,,,,,,,,,
1625149979.507489,62:2e:9b:9a:8b:d8,11,12,237.0,0050f208002700,,,,84,GooglePixel3A_V,1.0,2.0,5.5,11.0,,,,,6.0,9.0,12.0,18.0,24.0,36.0,48.0,54.0,,,,,,,,,,,,,,,,,,,,,,,,,,,,,,,,,,,,,,,,,,,,,,,,,,,,,,,,,,,,,,,,,,,,,,,,,,,,,,,,,,,,,,,,,,,,,,,,,,,,,,,,,,,,,,,,,,,,,,,,,,,,,
1625149979.527673,62:2e:9b:9a:8b:d8,11,12,238.0,0050f208002700,,,,84,GooglePixel3A_V,1.0,2.0,5.5,11.0,,,,,6.0,9.0,12.0,18.0,24.0,36.0,48.0,54.0,,,,,,,,,,,,,,,,,,,,,,,,,,,,,,,,,,,,,,,,,,,,,,,,,,,,,,,,,,,,,,,,,,,,,,,,,,,,,,,,,,,,,,,,,,,,,,,,,,,,,,,,,,,,,,,,,,,,,,,,,,,,,
1625149979.550424,62:2e:9b:9a:8b:d8,11,13,239.0,0050f208002700,,,,84,GooglePixel3A_V,1.0,2.0,5.5,11.0,,,,,6.0,9.0,12.0,18.0,24.0,36.0,48.0,54.0,,,,,,,,,,,,,,,,,,,,,,,,,,,,,,,,,,,,,,,,,,,,,,,,,,,,,,,,,,,,,,,,,,,,,,,,,,,,,,,,,,,,,,,,,,,,,,,,,,,,,,,,,,,,,,,,,,,,,,,,,,,,,
1625149979.570626,62:2e:9b:9a:8b:d8,11,13,240.0,0050f208002700,,,,84,GooglePixel3A_V,1.0,2.0,5.5,11.0,,,,,6.0,9.0,12.0,18.0,24.0,36.0,48.0,54.0,,,,,,,,,,,,,,,,,,,,,,,,,,,,,,,,,,,,,,,,,,,,,,,,,,,,,,,,,,,,,,,,,,,,,,,,,,,,,,,,,,,,,,,,,,,,,,,,,,,,,,,,,,,,,,,,,,,,,,,,,,,,,
1625150171.388779,ce:4d:be:58:18:a3,1,1,1124.0,0050f208002700,,,,84,GooglePixel3A_V,1.0,2.0,5.5,11.0,,,,,6.0,9.0,12.0,18.0,24.0,36.0,48.0,54.0,,,,,,,,,,,,,,,,,,,,,,,,,,,,,,,,,,,,,,,,,,,,,,,,,,,,,,,,,,,,,,,,,,,,,,,,,,,,,,,,,,,,,,,,,,,,,,,,,,,,,,,,,,,,,,,,,,,,,,,,,,,,,
1625150171.409317,ce:4d:be:58:18:a3,1,1,1125.0,0050f208002700,,,,84,GooglePixel3A_V,1.0,2.0,5.5,11.0,,,,,6.0,9.0,12.0,18.0,24.0,36.0,48.0,54.0,,,,,,,,,,,,,,,,,,,,,,,,,,,,,,,,,,,,,,,,,,,,,,,,,,,,,,,,,,,,,,,,,,,,,,,,,,,,,,,,,,,,,,,,,,,,,,,,,,,,,,,,,,,,,,,,,,,,,,,,,,,,,
1625150171.451178,ce:4d:be:58:18:a3,1,2,1127.0,0050f208002700,,,,84,GooglePixel3A_V,1.0,2.0,5.5,11.0,,,,,6.0,9.0,12.0,18.0,24.0,36.0,48.0,54.0,,,,,,,,,,,,,,,,,,,,,,,,,,,,,,,,,,,,,,,,,,,,,,,,,,,,,,,,,,,,,,,,,,,,,,,,,,,,,,,,,,,,,,,,,,,,,,,,,,,,,,,,,,,,,,,,,,,,,,,,,,,,,
1625150171.474199,ce:4d:be:58:18:a3,1,3,1128.0,0050f208002700,,,,84,GooglePixel3A_V,1.0,2.0,5.5,11.0,,,,,6.0,9.0,12.0,18.0,24.0,36.0,48.0,54.0,,,,,,,,,,,,,,,,,,,,,,,,,,,,,,,,,,,,,,,,,,,,,,,,,,,,,,,,,,,,,,,,,,,,,,,,,,,,,,,,,,,,,,,,,,,,,,,,,,,,,,,,,,,,,,,,,,,,,,,,,,,,,
1625150171.494361,ce:4d:be:58:18:a3,1,3,1129.0,0050f208002700,,,,84,GooglePixel3A_V,1.0,2.0,5.5,11.0,,,,,6.0,9.0,12.0,18.0,24.0,36.0,48.0,54.0,,,,,,,,,,,,,,,,,,,,,,,,,,,,,,,,,,,,,,,,,,,,,,,,,,,,,,,,,,,,,,,,,,,,,,,,,,,,,,,,,,,,,,,,,,,,,,,,,,,,,,,,,,,,,,,,,,,,,,,,,,,,,
1625150171.60248,ce:4d:be:58:18:a3,6,6,1134.0,0050f208002700,,,,72,GooglePixel3A_V,1.0,2.0,5.5,11.0,,,,,6.0,9.0,12.0,18.0,24.0,36.0,48.0,54.0,,,,,,,,,,,,,,,,,,,,,,,,,,,,,,,,,,,,,,,,,,,,,,,,,,,,,,,,,,,,,,,,,,,,,,,,,,,,,,,,,,,,,,,,,,,,,,,,,,,,,,,,,,,,,,,,,,,,,,,,,,,,,
1625150171.644895,ce:4d:be:58:18:a3,6,7,1136.0,0050f208002700,,,,72,GooglePixel3A_V,1.0,2.0,5.5,11.0,,,,,6.0,9.0,12.0,18.0,24.0,36.0,48.0,54.0,,,,,,,,,,,,,,,,,,,,,,,,,,,,,,,,,,,,,,,,,,,,,,,,,,,,,,,,,,,,,,,,,,,,,,,,,,,,,,,,,,,,,,,,,,,,,,,,,,,,,,,,,,,,,,,,,,,,,,,,,,,,,
1625150171.731449,ce:4d:be:58:18:a3,11,9,1140.0,0050f208002700,,,,84,GooglePixel3A_V,1.0,2.0,5.5,11.0,,,,,6.0,9.0,12.0,18.0,24.0,36.0,48.0,54.0,,,,,,,,,,,,,,,,,,,,,,,,,,,,,,,,,,,,,,,,,,,,,,,,,,,,,,,,,,,,,,,,,,,,,,,,,,,,,,,,,,,,,,,,,,,,,,,,,,,,,,,,,,,,,,,,,,,,,,,,,,,,,
1625150171.751035,ce:4d:be:58:18:a3,11,9,1141.0,0050f208002700,,,,84,GooglePixel3A_V,1.0,2.0,5.5,11.0,,,,,6.0,9.0,12.0,18.0,24.0,36.0,48.0,54.0,,,,,,,,,,,,,,,,,,,,,,,,,,,,,,,,,,,,,,,,,,,,,,,,,,,,,,,,,,,,,,,,,,,,,,,,,,,,,,,,,,,,,,,,,,,,,,,,,,,,,,,,,,,,,,,,,,,,,,,,,,,,,
1625150171.773915,ce:4d:be:58:18:a3,11,10,1142.0,0050f208002700,,,,84,GooglePixel3A_V,1.0,2.0,5.5,11.0,,,,,6.0,9.0,12.0,18.0,24.0,36.0,48.0,54.0,,,,,,,,,,,,,,,,,,,,,,,,,,,,,,,,,,,,,,,,,,,,,,,,,,,,,,,,,,,,,,,,,,,,,,,,,,,,,,,,,,,,,,,,,,,,,,,,,,,,,,,,,,,,,,,,,,,,,,,,,,,,,
1625150171.794103,ce:4d:be:58:18:a3,11,10,1143.0,0050f208002700,,,,84,GooglePixel3A_V,1.0,2.0,5.5,11.0,,,,,6.0,9.0,12.0,18.0,24.0,36.0,48.0,54.0,,,,,,,,,,,,,,,,,,,,,,,,,,,,,,,,,,,,,,,,,,,,,,,,,,,,,,,,,,,,,,,,,,,,,,,,,,,,,,,,,,,,,,,,,,,,,,,,,,,,,,,,,,,,,,,,,,,,,,,,,,,,,
1625150171.816825,ce:4d:be:58:18:a3,11,11,1144.0,0050f208002700,,,,84,GooglePixel3A_V,1.0,2.0,5.5,11.0,,,,,6.0,9.0,12.0,18.0,24.0,36.0,48.0,54.0,,,,,,,,,,,,,,,,,,,,,,,,,,,,,,,,,,,,,,,,,,,,,,,,,,,,,,,,,,,,,,,,,,,,,,,,,,,,,,,,,,,,,,,,,,,,,,,,,,,,,,,,,,,,,,,,,,,,,,,,,,,,,
1625150171.836573,ce:4d:be:58:18:a3,11,11,1145.0,0050f208002700,,,,84,GooglePixel3A_V,1.0,2.0,5.5,11.0,,,,,6.0,9.0,12.0,18.0,24.0,36.0,48.0,54.0,,,,,,,,,,,,,,,,,,,,,,,,,,,,,,,,,,,,,,,,,,,,,,,,,,,,,,,,,,,,,,,,,,,,,,,,,,,,,,,,,,,,,,,,,,,,,,,,,,,,,,,,,,,,,,,,,,,,,,,,,,,,,
1625150171.859103,ce:4d:be:58:18:a3,11,12,1146.0,0050f208002700,,,,84,GooglePixel3A_V,1.0,2.0,5.5,11.0,,,,,6.0,9.0,12.0,18.0,24.0,36.0,48.0,54.0,,,,,,,,,,,,,,,,,,,,,,,,,,,,,,,,,,,,,,,,,,,,,,,,,,,,,,,,,,,,,,,,,,,,,,,,,,,,,,,,,,,,,,,,,,,,,,,,,,,,,,,,,,,,,,,,,,,,,,,,,,,,,
1625150171.859173,ce:4d:be:58:18:a3,6,12,1146.0,0050f208002700,,,,72,GooglePixel3A_V,1.0,2.0,5.5,11.0,,,,,6.0,9.0,12.0,18.0,24.0,36.0,48.0,54.0,,,,,,,,,,,,,,,,,,,,,,,,,,,,,,,,,,,,,,,,,,,,,,,,,,,,,,,,,,,,,,,,,,,,,,,,,,,,,,,,,,,,,,,,,,,,,,,,,,,,,,,,,,,,,,,,,,,,,,,,,,,,,
1625150171.87918,ce:4d:be:58:18:a3,11,12,1147.0,0050f208002700,,,,84,GooglePixel3A_V,1.0,2.0,5.5,11.0,,,,,6.0,9.0,12.0,18.0,24.0,36.0,48.0,54.0,,,,,,,,,,,,,,,,,,,,,,,,,,,,,,,,,,,,,,,,,,,,,,,,,,,,,,,,,,,,,,,,,,,,,,,,,,,,,,,,,,,,,,,,,,,,,,,,,,,,,,,,,,,,,,,,,,,,,,,,,,,,,
1625150171.879215,ce:4d:be:58:18:a3,6,12,1147.0,0050f208002700,,,,72,GooglePixel3A_V,1.0,2.0,5.5,11.0,,,,,6.0,9.0,12.0,18.0,24.0,36.0,48.0,54.0,,,,,,,,,,,,,,,,,,,,,,,,,,,,,,,,,,,,,,,,,,,,,,,,,,,,,,,,,,,,,,,,,,,,,,,,,,,,,,,,,,,,,,,,,,,,,,,,,,,,,,,,,,,,,,,,,,,,,,,,,,,,,
1625150171.901788,ce:4d:be:58:18:a3,11,13,1148.0,0050f208002700,,,,84,GooglePixel3A_V,1.0,2.0,5.5,11.0,,,,,6.0,9.0,12.0,18.0,24.0,36.0,48.0,54.0,,,,,,,,,,,,,,,,,,,,,,,,,,,,,,,,,,,,,,,,,,,,,,,,,,,,,,,,,,,,,,,,,,,,,,,,,,,,,,,,,,,,,,,,,,,,,,,,,,,,,,,,,,,,,,,,,,,,,,,,,,,,,
1625150171.921854,ce:4d:be:58:18:a3,11,13,1149.0,0050f208002700,,,,84,GooglePixel3A_V,1.0,2.0,5.5,11.0,,,,,6.0,9.0,12.0,18.0,24.0,36.0,48.0,54.0,,,,,,,,,,,,,,,,,,,,,,,,,,,,,,,,,,,,,,,,,,,,,,,,,,,,,,,,,,,,,,,,,,,,,,,,,,,,,,,,,,,,,,,,,,,,,,,,,,,,,,,,,,,,,,,,,,,,,,,,,,,,,
1627377589.290748,56:35:d4:8b:a6:66,1,1,827.0,0050f208002700,,,,84,GooglePixel3A_V,1.0,2.0,5.5,11.0,,,,,6.0,9.0,12.0,18.0,24.0,36.0,48.0,54.0,,,,,,,,,,,,,,,,,,,,,,,,,,,,,,,,,,,,,,,,,,,,,,,,,,,,,,,,,,,,,,,,,,,,,,,,,,,,,,,,,,,,,,,,,,,,,,,,,,,,,,,,,,,,,,,,,,,,,,,,,,,,,
1627377589.31082,56:35:d4:8b:a6:66,1,1,828.0,0050f208002700,,,,84,GooglePixel3A_V,1.0,2.0,5.5,11.0,,,,,6.0,9.0,12.0,18.0,24.0,36.0,48.0,54.0,,,,,,,,,,,,,,,,,,,,,,,,,,,,,,,,,,,,,,,,,,,,,,,,,,,,,,,,,,,,,,,,,,,,,,,,,,,,,,,,,,,,,,,,,,,,,,,,,,,,,,,,,,,,,,,,,,,,,,,,,,,,,
1627377589.33344,56:35:d4:8b:a6:66,1,2,829.0,0050f208002700,,,,84,GooglePixel3A_V,1.0,2.0,5.5,11.0,,,,,6.0,9.0,12.0,18.0,24.0,36.0,48.0,54.0,,,,,,,,,,,,,,,,,,,,,,,,,,,,,,,,,,,,,,,,,,,,,,,,,,,,,,,,,,,,,,,,,,,,,,,,,,,,,,,,,,,,,,,,,,,,,,,,,,,,,,,,,,,,,,,,,,,,,,,,,,,,,
1627377589.353576,56:35:d4:8b:a6:66,1,2,830.0,0050f208002700,,,,84,GooglePixel3A_V,1.0,2.0,5.5,11.0,,,,,6.0,9.0,12.0,18.0,24.0,36.0,48.0,54.0,,,,,,,,,,,,,,,,,,,,,,,,,,,,,,,,,,,,,,,,,,,,,,,,,,,,,,,,,,,,,,,,,,,,,,,,,,,,,,,,,,,,,,,,,,,,,,,,,,,,,,,,,,,,,,,,,,,,,,,,,,,,,
1627377589.376401,56:35:d4:8b:a6:66,1,3,831.0,0050f208002700,,,,84,GooglePixel3A_V,1.0,2.0,5.5,11.0,,,,,6.0,9.0,12.0,18.0,24.0,36.0,48.0,54.0,,,,,,,,,,,,,,,,,,,,,,,,,,,,,,,,,,,,,,,,,,,,,,,,,,,,,,,,,,,,,,,,,,,,,,,,,,,,,,,,,,,,,,,,,,,,,,,,,,,,,,,,,,,,,,,,,,,,,,,,,,,,,
1627377589.396595,56:35:d4:8b:a6:66,1,3,832.0,0050f208002700,,,,84,GooglePixel3A_V,1.0,2.0,5.5,11.0,,,,,6.0,9.0,12.0,18.0,24.0,36.0,48.0,54.0,,,,,,,,,,,,,,,,,,,,,,,,,,,,,,,,,,,,,,,,,,,,,,,,,,,,,,,,,,,,,,,,,,,,,,,,,,,,,,,,,,,,,,,,,,,,,,,,,,,,,,,,,,,,,,,,,,,,,,,,,,,,,
1627377589.396611,56:35:d4:8b:a6:66,11,3,832.0,0050f208002700,,,,84,GooglePixel3A_V,1.0,2.0,5.5,11.0,,,,,6.0,9.0,12.0,18.0,24.0,36.0,48.0,54.0,,,,,,,,,,,,,,,,,,,,,,,,,,,,,,,,,,,,,,,,,,,,,,,,,,,,,,,,,,,,,,,,,,,,,,,,,,,,,,,,,,,,,,,,,,,,,,,,,,,,,,,,,,,,,,,,,,,,,,,,,,,,,
1627377589.482002,56:35:d4:8b:a6:66,11,5,836.0,0050f208002700,,,,84,GooglePixel3A_V,1.0,2.0,5.5,11.0,,,,,6.0,9.0,12.0,18.0,24.0,36.0,48.0,54.0,,,,,,,,,,,,,,,,,,,,,,,,,,,,,,,,,,,,,,,,,,,,,,,,,,,,,,,,,,,,,,,,,,,,,,,,,,,,,,,,,,,,,,,,,,,,,,,,,,,,,,,,,,,,,,,,,,,,,,,,,,,,,
1627377589.504498,56:35:d4:8b:a6:66,1,6,837.0,0050f208002700,,,,84,GooglePixel3A_V,1.0,2.0,5.5,11.0,,,,,6.0,9.0,12.0,18.0,24.0,36.0,48.0,54.0,,,,,,,,,,,,,,,,,,,,,,,,,,,,,,,,,,,,,,,,,,,,,,,,,,,,,,,,,,,,,,,,,,,,,,,,,,,,,,,,,,,,,,,,,,,,,,,,,,,,,,,,,,,,,,,,,,,,,,,,,,,,,
1627377589.504514,56:35:d4:8b:a6:66,11,6,837.0,0050f208002700,,,,84,GooglePixel3A_V,1.0,2.0,5.5,11.0,,,,,6.0,9.0,12.0,18.0,24.0,36.0,48.0,54.0,,,,,,,,,,,,,,,,,,,,,,,,,,,,,,,,,,,,,,,,,,,,,,,,,,,,,,,,,,,,,,,,,,,,,,,,,,,,,,,,,,,,,,,,,,,,,,,,,,,,,,,,,,,,,,,,,,,,,,,,,,,,,
1627377589.524654,56:35:d4:8b:a6:66,6,6,838.0,0050f208002700,,,,72,GooglePixel3A_V,1.0,2.0,5.5,11.0,,,,,6.0,9.0,12.0,18.0,24.0,36.0,48.0,54.0,,,,,,,,,,,,,,,,,,,,,,,,,,,,,,,,,,,,,,,,,,,,,,,,,,,,,,,,,,,,,,,,,,,,,,,,,,,,,,,,,,,,,,,,,,,,,,,,,,,,,,,,,,,,,,,,,,,,,,,,,,,,,
1627377589.670594,56:35:d4:8b:a6:66,11,9,843.0,0050f208002700,,,,84,GooglePixel3A_V,1.0,2.0,5.5,11.0,,,,,6.0,9.0,12.0,18.0,24.0,36.0,48.0,54.0,,,,,,,,,,,,,,,,,,,,,,,,,,,,,,,,,,,,,,,,,,,,,,,,,,,,,,,,,,,,,,,,,,,,,,,,,,,,,,,,,,,,,,,,,,,,,,,,,,,,,,,,,,,,,,,,,,,,,,,,,,,,,
1627377589.675079,56:35:d4:8b:a6:66,11,10,845.0,0050f208002700,,,,84,GooglePixel3A_V,1.0,2.0,5.5,11.0,,,,,6.0,9.0,12.0,18.0,24.0,36.0,48.0,54.0,,,,,,,,,,,,,,,,,,,,,,,,,,,,,,,,,,,,,,,,,,,,,,,,,,,,,,,,,,,,,,,,,,,,,,,,,,,,,,,,,,,,,,,,,,,,,,,,,,,,,,,,,,,,,,,,,,,,,,,,,,,,,
1627377589.695231,56:35:d4:8b:a6:66,11,10,846.0,0050f208002700,,,,84,GooglePixel3A_V,1.0,2.0,5.5,11.0,,,,,6.0,9.0,12.0,18.0,24.0,36.0,48.0,54.0,,,,,,,,,,,,,,,,,,,,,,,,,,,,,,,,,,,,,,,,,,,,,,,,,,,,,,,,,,,,,,,,,,,,,,,,,,,,,,,,,,,,,,,,,,,,,,,,,,,,,,,,,,,,,,,,,,,,,,,,,,,,,
1627377589.717662,56:35:d4:8b:a6:66,11,11,847.0,0050f208002700,,,,84,GooglePixel3A_V,1.0,2.0,5.5,11.0,,,,,6.0,9.0,12.0,18.0,24.0,36.0,48.0,54.0,,,,,,,,,,,,,,,,,,,,,,,,,,,,,,,,,,,,,,,,,,,,,,,,,,,,,,,,,,,,,,,,,,,,,,,,,,,,,,,,,,,,,,,,,,,,,,,,,,,,,,,,,,,,,,,,,,,,,,,,,,,,,
1627377589.737842,56:35:d4:8b:a6:66,11,11,848.0,0050f208002700,,,,84,GooglePixel3A_V,1.0,2.0,5.5,11.0,,,,,6.0,9.0,12.0,18.0,24.0,36.0,48.0,54.0,,,,,,,,,,,,,,,,,,,,,,,,,,,,,,,,,,,,,,,,,,,,,,,,,,,,,,,,,,,,,,,,,,,,,,,,,,,,,,,,,,,,,,,,,,,,,,,,,,,,,,,,,,,,,,,,,,,,,,,,,,,,,
1627377589.760251,56:35:d4:8b:a6:66,11,12,849.0,0050f208002700,,,,84,GooglePixel3A_V,1.0,2.0,5.5,11.0,,,,,6.0,9.0,12.0,18.0,24.0,36.0,48.0,54.0,,,,,,,,,,,,,,,,,,,,,,,,,,,,,,,,,,,,,,,,,,,,,,,,,,,,,,,,,,,,,,,,,,,,,,,,,,,,,,,,,,,,,,,,,,,,,,,,,,,,,,,,,,,,,,,,,,,,,,,,,,,,,
1627377589.780457,56:35:d4:8b:a6:66,11,12,850.0,0050f208002700,,,,84,GooglePixel3A_V,1.0,2.0,5.5,11.0,,,,,6.0,9.0,12.0,18.0,24.0,36.0,48.0,54.0,,,,,,,,,,,,,,,,,,,,,,,,,,,,,,,,,,,,,,,,,,,,,,,,,,,,,,,,,,,,,,,,,,,,,,,,,,,,,,,,,,,,,,,,,,,,,,,,,,,,,,,,,,,,,,,,,,,,,,,,,,,,,
1627377589.803145,56:35:d4:8b:a6:66,11,13,851.0,0050f208002700,,,,84,GooglePixel3A_V,1.0,2.0,5.5,11.0,,,,,6.0,9.0,12.0,18.0,24.0,36.0,48.0,54.0,,,,,,,,,,,,,,,,,,,,,,,,,,,,,,,,,,,,,,,,,,,,,,,,,,,,,,,,,,,,,,,,,,,,,,,,,,,,,,,,,,,,,,,,,,,,,,,,,,,,,,,,,,,,,,,,,,,,,,,,,,,,,
1627377589.823219,56:35:d4:8b:a6:66,11,13,852.0,0050f208002700,,,,84,GooglePixel3A_V,1.0,2.0,5.5,11.0,,,,,6.0,9.0,12.0,18.0,24.0,36.0,48.0,54.0,,,,,,,,,,,,,,,,,,,,,,,,,,,,,,,,,,,,,,,,,,,,,,,,,,,,,,,,,,,,,,,,,,,,,,,,,,,,,,,,,,,,,,,,,,,,,,,,,,,,,,,,,,,,,,,,,,,,,,,,,,,,,
1627379413.224638,aa:b2:28:5c:12:a1,1,1,1970.0,506f9a16030102,,,,84,GooglePixel3A_V,1.0,2.0,5.5,11.0,,,,,6.0,9.0,12.0,18.0,24.0,36.0,48.0,54.0,,,,,,,,,,,,,,,,,,,,,,,,,,,,,,,,,,,,,,,,,,,,,,,,,,,,,,,,,,,,,,,,,,,,,,,,,,,,,,,,,,,,,,,,,,,,,,,,,,,,,,,,,,,,,,,,,,,,,,,,,,,,,
1627379413.246466,aa:b2:28:5c:12:a1,1,2,1971.0,506f9a16030102,,,,84,GooglePixel3A_V,1.0,2.0,5.5,11.0,,,,,6.0,9.0,12.0,18.0,24.0,36.0,48.0,54.0,,,,,,,,,,,,,,,,,,,,,,,,,,,,,,,,,,,,,,,,,,,,,,,,,,,,,,,,,,,,,,,,,,,,,,,,,,,,,,,,,,,,,,,,,,,,,,,,,,,,,,,,,,,,,,,,,,,,,,,,,,,,,
1627379413.268565,aa:b2:28:5c:12:a1,1,3,1972.0,506f9a16030102,,,,84,GooglePixel3A_V,1.0,2.0,5.5,11.0,,,,,6.0,9.0,12.0,18.0,24.0,36.0,48.0,54.0,,,,,,,,,,,,,,,,,,,,,,,,,,,,,,,,,,,,,,,,,,,,,,,,,,,,,,,,,,,,,,,,,,,,,,,,,,,,,,,,,,,,,,,,,,,,,,,,,,,,,,,,,,,,,,,,,,,,,,,,,,,,,
1627379413.324335,aa:b2:28:5c:12:a1,1,6,1975.0,506f9a16030102,,,,84,GooglePixel3A_V,1.0,2.0,5.5,11.0,,,,,6.0,9.0,12.0,18.0,24.0,36.0,48.0,54.0,,,,,,,,,,,,,,,,,,,,,,,,,,,,,,,,,,,,,,,,,,,,,,,,,,,,,,,,,,,,,,,,,,,,,,,,,,,,,,,,,,,,,,,,,,,,,,,,,,,,,,,,,,,,,,,,,,,,,,,,,,,,,
1627379413.324383,aa:b2:28:5c:12:a1,6,6,1975.0,506f9a16030102,,,,72,GooglePixel3A_V,1.0,2.0,5.5,11.0,,,,,6.0,9.0,12.0,18.0,24.0,36.0,48.0,54.0,,,,,,,,,,,,,,,,,,,,,,,,,,,,,,,,,,,,,,,,,,,,,,,,,,,,,,,,,,,,,,,,,,,,,,,,,,,,,,,,,,,,,,,,,,,,,,,,,,,,,,,,,,,,,,,,,,,,,,,,,,,,,
1627379413.368198,aa:b2:28:5c:12:a1,11,9,1977.0,506f9a16030102,,,,84,GooglePixel3A_V,1.0,2.0,5.5,11.0,,,,,6.0,9.0,12.0,18.0,24.0,36.0,48.0,54.0,,,,,,,,,,,,,,,,,,,,,,,,,,,,,,,,,,,,,,,,,,,,,,,,,,,,,,,,,,,,,,,,,,,,,,,,,,,,,,,,,,,,,,,,,,,,,,,,,,,,,,,,,,,,,,,,,,,,,,,,,,,,,
1627379413.385149,aa:b2:28:5c:12:a1,11,10,1978.0,506f9a16030102,,,,84,GooglePixel3A_V,1.0,2.0,5.5,11.0,,,,,6.0,9.0,12.0,18.0,24.0,36.0,48.0,54.0,,,,,,,,,,,,,,,,,,,,,,,,,,,,,,,,,,,,,,,,,,,,,,,,,,,,,,,,,,,,,,,,,,,,,,,,,,,,,,,,,,,,,,,,,,,,,,,,,,,,,,,,,,,,,,,,,,,,,,,,,,,,,
1627379413.401927,aa:b2:28:5c:12:a1,11,11,1979.0,506f9a16030102,,,,84,GooglePixel3A_V,1.0,2.0,5.5,11.0,,,,,6.0,9.0,12.0,18.0,24.0,36.0,48.0,54.0,,,,,,,,,,,,,,,,,,,,,,,,,,,,,,,,,,,,,,,,,,,,,,,,,,,,,,,,,,,,,,,,,,,,,,,,,,,,,,,,,,,,,,,,,,,,,,,,,,,,,,,,,,,,,,,,,,,,,,,,,,,,,
1627379413.423894,aa:b2:28:5c:12:a1,11,12,1980.0,506f9a16030102,,,,84,GooglePixel3A_V,1.0,2.0,5.5,11.0,,,,,6.0,9.0,12.0,18.0,24.0,36.0,48.0,54.0,,,,,,,,,,,,,,,,,,,,,,,,,,,,,,,,,,,,,,,,,,,,,,,,,,,,,,,,,,,,,,,,,,,,,,,,,,,,,,,,,,,,,,,,,,,,,,,,,,,,,,,,,,,,,,,,,,,,,,,,,,,,,
1627379413.440888,aa:b2:28:5c:12:a1,11,13,1981.0,506f9a16030102,,,,84,GooglePixel3A_V,1.0,2.0,5.5,11.0,,,,,6.0,9.0,12.0,18.0,24.0,36.0,48.0,54.0,,,,,,,,,,,,,,,,,,,,,,,,,,,,,,,,,,,,,,,,,,,,,,,,,,,,,,,,,,,,,,,,,,,,,,,,,,,,,,,,,,,,,,,,,,,,,,,,,,,,,,,,,,,,,,,,,,,,,,,,,,,,,
1627379473.251716,4a:24:19:20:b1:12,1,1,1123.0,506f9a16030102,,,,84,GooglePixel3A_V,1.0,2.0,5.5,11.0,,,,,6.0,9.0,12.0,18.0,24.0,36.0,48.0,54.0,,,,,,,,,,,,,,,,,,,,,,,,,,,,,,,,,,,,,,,,,,,,,,,,,,,,,,,,,,,,,,,,,,,,,,,,,,,,,,,,,,,,,,,,,,,,,,,,,,,,,,,,,,,,,,,,,,,,,,,,,,,,,
1627379473.274099,4a:24:19:20:b1:12,1,2,1124.0,506f9a16030102,,,,84,GooglePixel3A_V,1.0,2.0,5.5,11.0,,,,,6.0,9.0,12.0,18.0,24.0,36.0,48.0,54.0,,,,,,,,,,,,,,,,,,,,,,,,,,,,,,,,,,,,,,,,,,,,,,,,,,,,,,,,,,,,,,,,,,,,,,,,,,,,,,,,,,,,,,,,,,,,,,,,,,,,,,,,,,,,,,,,,,,,,,,,,,,,,
1627379473.296387,4a:24:19:20:b1:12,1,3,1125.0,506f9a16030102,,,,84,GooglePixel3A_V,1.0,2.0,5.5,11.0,,,,,6.0,9.0,12.0,18.0,24.0,36.0,48.0,54.0,,,,,,,,,,,,,,,,,,,,,,,,,,,,,,,,,,,,,,,,,,,,,,,,,,,,,,,,,,,,,,,,,,,,,,,,,,,,,,,,,,,,,,,,,,,,,,,,,,,,,,,,,,,,,,,,,,,,,,,,,,,,,
1627379473.372937,4a:24:19:20:b1:12,1,6,1128.0,506f9a16030102,,,,84,GooglePixel3A_V,1.0,2.0,5.5,11.0,,,,,6.0,9.0,12.0,18.0,24.0,36.0,48.0,54.0,,,,,,,,,,,,,,,,,,,,,,,,,,,,,,,,,,,,,,,,,,,,,,,,,,,,,,,,,,,,,,,,,,,,,,,,,,,,,,,,,,,,,,,,,,,,,,,,,,,,,,,,,,,,,,,,,,,,,,,,,,,,,
1627379473.417794,4a:24:19:20:b1:12,11,9,1130.0,506f9a16030102,,,,84,GooglePixel3A_V,1.0,2.0,5.5,11.0,,,,,6.0,9.0,12.0,18.0,24.0,36.0,48.0,54.0,,,,,,,,,,,,,,,,,,,,,,,,,,,,,,,,,,,,,,,,,,,,,,,,,,,,,,,,,,,,,,,,,,,,,,,,,,,,,,,,,,,,,,,,,,,,,,,,,,,,,,,,,,,,,,,,,,,,,,,,,,,,,
1627379473.435376,4a:24:19:20:b1:12,11,10,1131.0,506f9a16030102,,,,84,GooglePixel3A_V,1.0,2.0,5.5,11.0,,,,,6.0,9.0,12.0,18.0,24.0,36.0,48.0,54.0,,,,,,,,,,,,,,,,,,,,,,,,,,,,,,,,,,,,,,,,,,,,,,,,,,,,,,,,,,,,,,,,,,,,,,,,,,,,,,,,,,,,,,,,,,,,,,,,,,,,,,,,,,,,,,,,,,,,,,,,,,,,,
1627379473.457568,4a:24:19:20:b1:12,11,11,1132.0,506f9a16030102,,,,84,GooglePixel3A_V,1.0,2.0,5.5,11.0,,,,,6.0,9.0,12.0,18.0,24.0,36.0,48.0,54.0,,,,,,,,,,,,,,,,,,,,,,,,,,,,,,,,,,,,,,,,,,,,,,,,,,,,,,,,,,,,,,,,,,,,,,,,,,,,,,,,,,,,,,,,,,,,,,,,,,,,,,,,,,,,,,,,,,,,,,,,,,,,,
1627379473.479672,4a:24:19:20:b1:12,11,12,1133.0,506f9a16030102,,,,84,GooglePixel3A_V,1.0,2.0,5.5,11.0,,,,,6.0,9.0,12.0,18.0,24.0,36.0,48.0,54.0,,,,,,,,,,,,,,,,,,,,,,,,,,,,,,,,,,,,,,,,,,,,,,,,,,,,,,,,,,,,,,,,,,,,,,,,,,,,,,,,,,,,,,,,,,,,,,,,,,,,,,,,,,,,,,,,,,,,,,,,,,,,,
1627379473.497246,4a:24:19:20:b1:12,11,13,1134.0,506f9a16030102,,,,84,GooglePixel3A_V,1.0,2.0,5.5,11.0,,,,,6.0,9.0,12.0,18.0,24.0,36.0,48.0,54.0,,,,,,,,,,,,,,,,,,,,,,,,,,,,,,,,,,,,,,,,,,,,,,,,,,,,,,,,,,,,,,,,,,,,,,,,,,,,,,,,,,,,,,,,,,,,,,,,,,,,,,,,,,,,,,,,,,,,,,,,,,,,,
1627379533.278475,2a:00:c9:57:e4:c4,1,1,1477.0,506f9a16030102,,,,84,GooglePixel3A_V,1.0,2.0,5.5,11.0,,,,,6.0,9.0,12.0,18.0,24.0,36.0,48.0,54.0,,,,,,,,,,,,,,,,,,,,,,,,,,,,,,,,,,,,,,,,,,,,,,,,,,,,,,,,,,,,,,,,,,,,,,,,,,,,,,,,,,,,,,,,,,,,,,,,,,,,,,,,,,,,,,,,,,,,,,,,,,,,,
1627379533.362308,2a:00:c9:57:e4:c4,1,3,1479.0,506f9a16030102,,,,84,GooglePixel3A_V,1.0,2.0,5.5,11.0,,,,,6.0,9.0,12.0,18.0,24.0,36.0,48.0,54.0,,,,,,,,,,,,,,,,,,,,,,,,,,,,,,,,,,,,,,,,,,,,,,,,,,,,,,,,,,,,,,,,,,,,,,,,,,,,,,,,,,,,,,,,,,,,,,,,,,,,,,,,,,,,,,,,,,,,,,,,,,,,,
1627379533.413722,2a:00:c9:57:e4:c4,6,6,1482.0,506f9a16030102,,,,72,GooglePixel3A_V,1.0,2.0,5.5,11.0,,,,,6.0,9.0,12.0,18.0,24.0,36.0,48.0,54.0,,,,,,,,,,,,,,,,,,,,,,,,,,,,,,,,,,,,,,,,,,,,,,,,,,,,,,,,,,,,,,,,,,,,,,,,,,,,,,,,,,,,,,,,,,,,,,,,,,,,,,,,,,,,,,,,,,,,,,,,,,,,,
1627379533.4959,2a:00:c9:57:e4:c4,11,10,1485.0,506f9a16030102,,,,84,GooglePixel3A_V,1.0,2.0,5.5,11.0,,,,,6.0,9.0,12.0,18.0,24.0,36.0,48.0,54.0,,,,,,,,,,,,,,,,,,,,,,,,,,,,,,,,,,,,,,,,,,,,,,,,,,,,,,,,,,,,,,,,,,,,,,,,,,,,,,,,,,,,,,,,,,,,,,,,,,,,,,,,,,,,,,,,,,,,,,,,,,,,,
1627379533.513258,2a:00:c9:57:e4:c4,11,11,1486.0,506f9a16030102,,,,84,GooglePixel3A_V,1.0,2.0,5.5,11.0,,,,,6.0,9.0,12.0,18.0,24.0,36.0,48.0,54.0,,,,,,,,,,,,,,,,,,,,,,,,,,,,,,,,,,,,,,,,,,,,,,,,,,,,,,,,,,,,,,,,,,,,,,,,,,,,,,,,,,,,,,,,,,,,,,,,,,,,,,,,,,,,,,,,,,,,,,,,,,,,,
1627379533.535713,2a:00:c9:57:e4:c4,11,12,1487.0,506f9a16030102,,,,84,GooglePixel3A_V,1.0,2.0,5.5,11.0,,,,,6.0,9.0,12.0,18.0,24.0,36.0,48.0,54.0,,,,,,,,,,,,,,,,,,,,,,,,,,,,,,,,,,,,,,,,,,,,,,,,,,,,,,,,,,,,,,,,,,,,,,,,,,,,,,,,,,,,,,,,,,,,,,,,,,,,,,,,,,,,,,,,,,,,,,,,,,,,,
1627379533.553048,2a:00:c9:57:e4:c4,11,13,1488.0,506f9a16030102,,,,84,GooglePixel3A_V,1.0,2.0,5.5,11.0,,,,,6.0,9.0,12.0,18.0,24.0,36.0,48.0,54.0,,,,,,,,,,,,,,,,,,,,,,,,,,,,,,,,,,,,,,,,,,,,,,,,,,,,,,,,,,,,,,,,,,,,,,,,,,,,,,,,,,,,,,,,,,,,,,,,,,,,,,,,,,,,,,,,,,,,,,,,,,,,,
1627379713.305947,36:dd:c8:6b:14:0a,1,1,810.0,506f9a16030102,,,,84,GooglePixel3A_V,1.0,2.0,5.5,11.0,,,,,6.0,9.0,12.0,18.0,24.0,36.0,48.0,54.0,,,,,,,,,,,,,,,,,,,,,,,,,,,,,,,,,,,,,,,,,,,,,,,,,,,,,,,,,,,,,,,,,,,,,,,,,,,,,,,,,,,,,,,,,,,,,,,,,,,,,,,,,,,,,,,,,,,,,,,,,,,,,
1627379713.328127,36:dd:c8:6b:14:0a,1,2,811.0,506f9a16030102,,,,84,GooglePixel3A_V,1.0,2.0,5.5,11.0,,,,,6.0,9.0,12.0,18.0,24.0,36.0,48.0,54.0,,,,,,,,,,,,,,,,,,,,,,,,,,,,,,,,,,,,,,,,,,,,,,,,,,,,,,,,,,,,,,,,,,,,,,,,,,,,,,,,,,,,,,,,,,,,,,,,,,,,,,,,,,,,,,,,,,,,,,,,,,,,,
1627379713.350672,36:dd:c8:6b:14:0a,1,3,812.0,506f9a16030102,,,,84,GooglePixel3A_V,1.0,2.0,5.5,11.0,,,,,6.0,9.0,12.0,18.0,24.0,36.0,48.0,54.0,,,,,,,,,,,,,,,,,,,,,,,,,,,,,,,,,,,,,,,,,,,,,,,,,,,,,,,,,,,,,,,,,,,,,,,,,,,,,,,,,,,,,,,,,,,,,,,,,,,,,,,,,,,,,,,,,,,,,,,,,,,,,
1627379713.350714,36:dd:c8:6b:14:0a,6,3,812.0,506f9a16030102,,,,72,GooglePixel3A_V,1.0,2.0,5.5,11.0,,,,,6.0,9.0,12.0,18.0,24.0,36.0,48.0,54.0,,,,,,,,,,,,,,,,,,,,,,,,,,,,,,,,,,,,,,,,,,,,,,,,,,,,,,,,,,,,,,,,,,,,,,,,,,,,,,,,,,,,,,,,,,,,,,,,,,,,,,,,,,,,,,,,,,,,,,,,,,,,,
1627379713.4718,36:dd:c8:6b:14:0a,11,9,817.0,506f9a16030102,,,,84,GooglePixel3A_V,1.0,2.0,5.5,11.0,,,,,6.0,9.0,12.0,18.0,24.0,36.0,48.0,54.0,,,,,,,,,,,,,,,,,,,,,,,,,,,,,,,,,,,,,,,,,,,,,,,,,,,,,,,,,,,,,,,,,,,,,,,,,,,,,,,,,,,,,,,,,,,,,,,,,,,,,,,,,,,,,,,,,,,,,,,,,,,,,
1627379713.489476,36:dd:c8:6b:14:0a,11,10,818.0,506f9a16030102,,,,84,GooglePixel3A_V,1.0,2.0,5.5,11.0,,,,,6.0,9.0,12.0,18.0,24.0,36.0,48.0,54.0,,,,,,,,,,,,,,,,,,,,,,,,,,,,,,,,,,,,,,,,,,,,,,,,,,,,,,,,,,,,,,,,,,,,,,,,,,,,,,,,,,,,,,,,,,,,,,,,,,,,,,,,,,,,,,,,,,,,,,,,,,,,,
1627379713.511799,36:dd:c8:6b:14:0a,11,11,819.0,506f9a16030102,,,,84,GooglePixel3A_V,1.0,2.0,5.5,11.0,,,,,6.0,9.0,12.0,18.0,24.0,36.0,48.0,54.0,,,,,,,,,,,,,,,,,,,,,,,,,,,,,,,,,,,,,,,,,,,,,,,,,,,,,,,,,,,,,,,,,,,,,,,,,,,,,,,,,,,,,,,,,,,,,,,,,,,,,,,,,,,,,,,,,,,,,,,,,,,,,
1627379713.534091,36:dd:c8:6b:14:0a,11,12,820.0,506f9a16030102,,,,84,GooglePixel3A_V,1.0,2.0,5.5,11.0,,,,,6.0,9.0,12.0,18.0,24.0,36.0,48.0,54.0,,,,,,,,,,,,,,,,,,,,,,,,,,,,,,,,,,,,,,,,,,,,,,,,,,,,,,,,,,,,,,,,,,,,,,,,,,,,,,,,,,,,,,,,,,,,,,,,,,,,,,,,,,,,,,,,,,,,,,,,,,,,,
1627379713.55131,36:dd:c8:6b:14:0a,11,13,821.0,506f9a16030102,,,,84,GooglePixel3A_V,1.0,2.0,5.5,11.0,,,,,6.0,9.0,12.0,18.0,24.0,36.0,48.0,54.0,,,,,,,,,,,,,,,,,,,,,,,,,,,,,,,,,,,,,,,,,,,,,,,,,,,,,,,,,,,,,,,,,,,,,,,,,,,,,,,,,,,,,,,,,,,,,,,,,,,,,,,,,,,,,,,,,,,,,,,,,,,,,
1627379893.337647,ce:ab:20:cc:82:05,1,1,1013.0,506f9a16030102,,,,84,GooglePixel3A_V,1.0,2.0,5.5,11.0,,,,,6.0,9.0,12.0,18.0,24.0,36.0,48.0,54.0,,,,,,,,,,,,,,,,,,,,,,,,,,,,,,,,,,,,,,,,,,,,,,,,,,,,,,,,,,,,,,,,,,,,,,,,,,,,,,,,,,,,,,,,,,,,,,,,,,,,,,,,,,,,,,,,,,,,,,,,,,,,,
1627379893.378762,ce:ab:20:cc:82:05,1,2,1014.0,506f9a16030102,,,,84,GooglePixel3A_V,1.0,2.0,5.5,11.0,,,,,6.0,9.0,12.0,18.0,24.0,36.0,48.0,54.0,,,,,,,,,,,,,,,,,,,,,,,,,,,,,,,,,,,,,,,,,,,,,,,,,,,,,,,,,,,,,,,,,,,,,,,,,,,,,,,,,,,,,,,,,,,,,,,,,,,,,,,,,,,,,,,,,,,,,,,,,,,,,
1627379893.421574,ce:ab:20:cc:82:05,1,3,1015.0,506f9a16030102,,,,84,GooglePixel3A_V,1.0,2.0,5.5,11.0,,,,,6.0,9.0,12.0,18.0,24.0,36.0,48.0,54.0,,,,,,,,,,,,,,,,,,,,,,,,,,,,,,,,,,,,,,,,,,,,,,,,,,,,,,,,,,,,,,,,,,,,,,,,,,,,,,,,,,,,,,,,,,,,,,,,,,,,,,,,,,,,,,,,,,,,,,,,,,,,,
1627379893.516165,ce:ab:20:cc:82:05,11,9,1020.0,506f9a16030102,,,,84,GooglePixel3A_V,1.0,2.0,5.5,11.0,,,,,6.0,9.0,12.0,18.0,24.0,36.0,48.0,54.0,,,,,,,,,,,,,,,,,,,,,,,,,,,,,,,,,,,,,,,,,,,,,,,,,,,,,,,,,,,,,,,,,,,,,,,,,,,,,,,,,,,,,,,,,,,,,,,,,,,,,,,,,,,,,,,,,,,,,,,,,,,,,
1627379893.534183,ce:ab:20:cc:82:05,11,10,1021.0,506f9a16030102,,,,84,GooglePixel3A_V,1.0,2.0,5.5,11.0,,,,,6.0,9.0,12.0,18.0,24.0,36.0,48.0,54.0,,,,,,,,,,,,,,,,,,,,,,,,,,,,,,,,,,,,,,,,,,,,,,,,,,,,,,,,,,,,,,,,,,,,,,,,,,,,,,,,,,,,,,,,,,,,,,,,,,,,,,,,,,,,,,,,,,,,,,,,,,,,,
1627379893.557164,ce:ab:20:cc:82:05,11,11,1022.0,506f9a16030102,,,,84,GooglePixel3A_V,1.0,2.0,5.5,11.0,,,,,6.0,9.0,12.0,18.0,24.0,36.0,48.0,54.0,,,,,,,,,,,,,,,,,,,,,,,,,,,,,,,,,,,,,,,,,,,,,,,,,,,,,,,,,,,,,,,,,,,,,,,,,,,,,,,,,,,,,,,,,,,,,,,,,,,,,,,,,,,,,,,,,,,,,,,,,,,,,
1627379893.579757,ce:ab:20:cc:82:05,11,12,1023.0,506f9a16030102,,,,84,GooglePixel3A_V,1.0,2.0,5.5,11.0,,,,,6.0,9.0,12.0,18.0,24.0,36.0,48.0,54.0,,,,,,,,,,,,,,,,,,,,,,,,,,,,,,,,,,,,,,,,,,,,,,,,,,,,,,,,,,,,,,,,,,,,,,,,,,,,,,,,,,,,,,,,,,,,,,,,,,,,,,,,,,,,,,,,,,,,,,,,,,,,,
1627379893.59721,ce:ab:20:cc:82:05,11,13,1024.0,506f9a16030102,,,,84,GooglePixel3A_V,1.0,2.0,5.5,11.0,,,,,6.0,9.0,12.0,18.0,24.0,36.0,48.0,54.0,,,,,,,,,,,,,,,,,,,,,,,,,,,,,,,,,,,,,,,,,,,,,,,,,,,,,,,,,,,,,,,,,,,,,,,,,,,,,,,,,,,,,,,,,,,,,,,,,,,,,,,,,,,,,,,,,,,,,,,,,,,,,
1627380073.370687,3a:d9:01:8b:83:06,1,1,1549.0,506f9a16030102,,,,84,GooglePixel3A_V,1.0,2.0,5.5,11.0,,,,,6.0,9.0,12.0,18.0,24.0,36.0,48.0,54.0,,,,,,,,,,,,,,,,,,,,,,,,,,,,,,,,,,,,,,,,,,,,,,,,,,,,,,,,,,,,,,,,,,,,,,,,,,,,,,,,,,,,,,,,,,,,,,,,,,,,,,,,,,,,,,,,,,,,,,,,,,,,,
1627380073.393471,3a:d9:01:8b:83:06,1,2,1550.0,506f9a16030102,,,,84,GooglePixel3A_V,1.0,2.0,5.5,11.0,,,,,6.0,9.0,12.0,18.0,24.0,36.0,48.0,54.0,,,,,,,,,,,,,,,,,,,,,,,,,,,,,,,,,,,,,,,,,,,,,,,,,,,,,,,,,,,,,,,,,,,,,,,,,,,,,,,,,,,,,,,,,,,,,,,,,,,,,,,,,,,,,,,,,,,,,,,,,,,,,
1627380073.415889,3a:d9:01:8b:83:06,1,3,1551.0,506f9a16030102,,,,84,GooglePixel3A_V,1.0,2.0,5.5,11.0,,,,,6.0,9.0,12.0,18.0,24.0,36.0,48.0,54.0,,,,,,,,,,,,,,,,,,,,,,,,,,,,,,,,,,,,,,,,,,,,,,,,,,,,,,,,,,,,,,,,,,,,,,,,,,,,,,,,,,,,,,,,,,,,,,,,,,,,,,,,,,,,,,,,,,,,,,,,,,,,,
1627380073.467677,3a:d9:01:8b:83:06,1,6,1554.0,506f9a16030102,,,,84,GooglePixel3A_V,1.0,2.0,5.5,11.0,,,,,6.0,9.0,12.0,18.0,24.0,36.0,48.0,54.0,,,,,,,,,,,,,,,,,,,,,,,,,,,,,,,,,,,,,,,,,,,,,,,,,,,,,,,,,,,,,,,,,,,,,,,,,,,,,,,,,,,,,,,,,,,,,,,,,,,,,,,,,,,,,,,,,,,,,,,,,,,,,
1627380073.532698,3a:d9:01:8b:83:06,11,9,1556.0,506f9a16030102,,,,84,GooglePixel3A_V,1.0,2.0,5.5,11.0,,,,,6.0,9.0,12.0,18.0,24.0,36.0,48.0,54.0,,,,,,,,,,,,,,,,,,,,,,,,,,,,,,,,,,,,,,,,,,,,,,,,,,,,,,,,,,,,,,,,,,,,,,,,,,,,,,,,,,,,,,,,,,,,,,,,,,,,,,,,,,,,,,,,,,,,,,,,,,,,,
1627380073.550203,3a:d9:01:8b:83:06,11,10,1557.0,506f9a16030102,,,,84,GooglePixel3A_V,1.0,2.0,5.5,11.0,,,,,6.0,9.0,12.0,18.0,24.0,36.0,48.0,54.0,,,,,,,,,,,,,,,,,,,,,,,,,,,,,,,,,,,,,,,,,,,,,,,,,,,,,,,,,,,,,,,,,,,,,,,,,,,,,,,,,,,,,,,,,,,,,,,,,,,,,,,,,,,,,,,,,,,,,,,,,,,,,
1627380073.572873,3a:d9:01:8b:83:06,11,11,1558.0,506f9a16030102,,,,84,GooglePixel3A_V,1.0,2.0,5.5,11.0,,,,,6.0,9.0,12.0,18.0,24.0,36.0,48.0,54.0,,,,,,,,,,,,,,,,,,,,,,,,,,,,,,,,,,,,,,,,,,,,,,,,,,,,,,,,,,,,,,,,,,,,,,,,,,,,,,,,,,,,,,,,,,,,,,,,,,,,,,,,,,,,,,,,,,,,,,,,,,,,,
1627380073.613945,3a:d9:01:8b:83:06,11,13,1560.0,506f9a16030102,,,,84,GooglePixel3A_V,1.0,2.0,5.5,11.0,,,,,6.0,9.0,12.0,18.0,24.0,36.0,48.0,54.0,,,,,,,,,,,,,,,,,,,,,,,,,,,,,,,,,,,,,,,,,,,,,,,,,,,,,,,,,,,,,,,,,,,,,,,,,,,,,,,,,,,,,,,,,,,,,,,,,,,,,,,,,,,,,,,,,,,,,,,,,,,,,
1627380253.40365,3a:a0:40:40:a4:7f,1,1,603.0,506f9a16030102,,,,84,GooglePixel3A_V,1.0,2.0,5.5,11.0,,,,,6.0,9.0,12.0,18.0,24.0,36.0,48.0,54.0,,,,,,,,,,,,,,,,,,,,,,,,,,,,,,,,,,,,,,,,,,,,,,,,,,,,,,,,,,,,,,,,,,,,,,,,,,,,,,,,,,,,,,,,,,,,,,,,,,,,,,,,,,,,,,,,,,,,,,,,,,,,,
1627380253.426009,3a:a0:40:40:a4:7f,1,2,604.0,506f9a16030102,,,,84,GooglePixel3A_V,1.0,2.0,5.5,11.0,,,,,6.0,9.0,12.0,18.0,24.0,36.0,48.0,54.0,,,,,,,,,,,,,,,,,,,,,,,,,,,,,,,,,,,,,,,,,,,,,,,,,,,,,,,,,,,,,,,,,,,,,,,,,,,,,,,,,,,,,,,,,,,,,,,,,,,,,,,,,,,,,,,,,,,,,,,,,,,,,
1627380253.448637,3a:a0:40:40:a4:7f,1,3,605.0,506f9a16030102,,,,84,GooglePixel3A_V,1.0,2.0,5.5,11.0,,,,,6.0,9.0,12.0,18.0,24.0,36.0,48.0,54.0,,,,,,,,,,,,,,,,,,,,,,,,,,,,,,,,,,,,,,,,,,,,,,,,,,,,,,,,,,,,,,,,,,,,,,,,,,,,,,,,,,,,,,,,,,,,,,,,,,,,,,,,,,,,,,,,,,,,,,,,,,,,,
1627380253.483216,3a:a0:40:40:a4:7f,6,5,607.0,506f9a16030102,,,,72,GooglePixel3A_V,1.0,2.0,5.5,11.0,,,,,6.0,9.0,12.0,18.0,24.0,36.0,48.0,54.0,,,,,,,,,,,,,,,,,,,,,,,,,,,,,,,,,,,,,,,,,,,,,,,,,,,,,,,,,,,,,,,,,,,,,,,,,,,,,,,,,,,,,,,,,,,,,,,,,,,,,,,,,,,,,,,,,,,,,,,,,,,,,
1627380253.525354,3a:a0:40:40:a4:7f,6,6,608.0,506f9a16030102,,,,72,GooglePixel3A_V,1.0,2.0,5.5,11.0,,,,,6.0,9.0,12.0,18.0,24.0,36.0,48.0,54.0,,,,,,,,,,,,,,,,,,,,,,,,,,,,,,,,,,,,,,,,,,,,,,,,,,,,,,,,,,,,,,,,,,,,,,,,,,,,,,,,,,,,,,,,,,,,,,,,,,,,,,,,,,,,,,,,,,,,,,,,,,,,,
1627380253.570106,3a:a0:40:40:a4:7f,11,9,610.0,506f9a16030102,,,,84,GooglePixel3A_V,1.0,2.0,5.5,11.0,,,,,6.0,9.0,12.0,18.0,24.0,36.0,48.0,54.0,,,,,,,,,,,,,,,,,,,,,,,,,,,,,,,,,,,,,,,,,,,,,,,,,,,,,,,,,,,,,,,,,,,,,,,,,,,,,,,,,,,,,,,,,,,,,,,,,,,,,,,,,,,,,,,,,,,,,,,,,,,,,
1627380253.592477,3a:a0:40:40:a4:7f,11,10,611.0,506f9a16030102,,,,84,GooglePixel3A_V,1.0,2.0,5.5,11.0,,,,,6.0,9.0,12.0,18.0,24.0,36.0,48.0,54.0,,,,,,,,,,,,,,,,,,,,,,,,,,,,,,,,,,,,,,,,,,,,,,,,,,,,,,,,,,,,,,,,,,,,,,,,,,,,,,,,,,,,,,,,,,,,,,,,,,,,,,,,,,,,,,,,,,,,,,,,,,,,,
1627380253.614667,3a:a0:40:40:a4:7f,11,11,612.0,506f9a16030102,,,,84,GooglePixel3A_V,1.0,2.0,5.5,11.0,,,,,6.0,9.0,12.0,18.0,24.0,36.0,48.0,54.0,,,,,,,,,,,,,,,,,,,,,,,,,,,,,,,,,,,,,,,,,,,,,,,,,,,,,,,,,,,,,,,,,,,,,,,,,,,,,,,,,,,,,,,,,,,,,,,,,,,,,,,,,,,,,,,,,,,,,,,,,,,,,
1627380253.637132,3a:a0:40:40:a4:7f,11,12,613.0,506f9a16030102,,,,84,GooglePixel3A_V,1.0,2.0,5.5,11.0,,,,,6.0,9.0,12.0,18.0,24.0,36.0,48.0,54.0,,,,,,,,,,,,,,,,,,,,,,,,,,,,,,,,,,,,,,,,,,,,,,,,,,,,,,,,,,,,,,,,,,,,,,,,,,,,,,,,,,,,,,,,,,,,,,,,,,,,,,,,,,,,,,,,,,,,,,,,,,,,,
1627380253.654513,3a:a0:40:40:a4:7f,11,13,614.0,506f9a16030102,,,,84,GooglePixel3A_V,1.0,2.0,5.5,11.0,,,,,6.0,9.0,12.0,18.0,24.0,36.0,48.0,54.0,,,,,,,,,,,,,,,,,,,,,,,,,,,,,,,,,,,,,,,,,,,,,,,,,,,,,,,,,,,,,,,,,,,,,,,,,,,,,,,,,,,,,,,,,,,,,,,,,,,,,,,,,,,,,,,,,,,,,,,,,,,,,
1627380433.436091,ea:82:7f:89:cc:08,1,1,1564.0,506f9a16030102,,,,84,GooglePixel3A_V,1.0,2.0,5.5,11.0,,,,,6.0,9.0,12.0,18.0,24.0,36.0,48.0,54.0,,,,,,,,,,,,,,,,,,,,,,,,,,,,,,,,,,,,,,,,,,,,,,,,,,,,,,,,,,,,,,,,,,,,,,,,,,,,,,,,,,,,,,,,,,,,,,,,,,,,,,,,,,,,,,,,,,,,,,,,,,,,,
1627380433.458519,ea:82:7f:89:cc:08,1,2,1565.0,506f9a16030102,,,,84,GooglePixel3A_V,1.0,2.0,5.5,11.0,,,,,6.0,9.0,12.0,18.0,24.0,36.0,48.0,54.0,,,,,,,,,,,,,,,,,,,,,,,,,,,,,,,,,,,,,,,,,,,,,,,,,,,,,,,,,,,,,,,,,,,,,,,,,,,,,,,,,,,,,,,,,,,,,,,,,,,,,,,,,,,,,,,,,,,,,,,,,,,,,
1627380433.481048,ea:82:7f:89:cc:08,1,3,1566.0,506f9a16030102,,,,84,GooglePixel3A_V,1.0,2.0,5.5,11.0,,,,,6.0,9.0,12.0,18.0,24.0,36.0,48.0,54.0,,,,,,,,,,,,,,,,,,,,,,,,,,,,,,,,,,,,,,,,,,,,,,,,,,,,,,,,,,,,,,,,,,,,,,,,,,,,,,,,,,,,,,,,,,,,,,,,,,,,,,,,,,,,,,,,,,,,,,,,,,,,,
1627380433.538009,ea:82:7f:89:cc:08,1,6,1569.0,506f9a16030102,,,,84,GooglePixel3A_V,1.0,2.0,5.5,11.0,,,,,6.0,9.0,12.0,18.0,24.0,36.0,48.0,54.0,,,,,,,,,,,,,,,,,,,,,,,,,,,,,,,,,,,,,,,,,,,,,,,,,,,,,,,,,,,,,,,,,,,,,,,,,,,,,,,,,,,,,,,,,,,,,,,,,,,,,,,,,,,,,,,,,,,,,,,,,,,,,
1627380433.577701,ea:82:7f:89:cc:08,11,9,1571.0,506f9a16030102,,,,84,GooglePixel3A_V,1.0,2.0,5.5,11.0,,,,,6.0,9.0,12.0,18.0,24.0,36.0,48.0,54.0,,,,,,,,,,,,,,,,,,,,,,,,,,,,,,,,,,,,,,,,,,,,,,,,,,,,,,,,,,,,,,,,,,,,,,,,,,,,,,,,,,,,,,,,,,,,,,,,,,,,,,,,,,,,,,,,,,,,,,,,,,,,,
1627380433.595016,ea:82:7f:89:cc:08,11,10,1572.0,506f9a16030102,,,,84,GooglePixel3A_V,1.0,2.0,5.5,11.0,,,,,6.0,9.0,12.0,18.0,24.0,36.0,48.0,54.0,,,,,,,,,,,,,,,,,,,,,,,,,,,,,,,,,,,,,,,,,,,,,,,,,,,,,,,,,,,,,,,,,,,,,,,,,,,,,,,,,,,,,,,,,,,,,,,,,,,,,,,,,,,,,,,,,,,,,,,,,,,,,
1627380433.617248,ea:82:7f:89:cc:08,11,11,1573.0,506f9a16030102,,,,84,GooglePixel3A_V,1.0,2.0,5.5,11.0,,,,,6.0,9.0,12.0,18.0,24.0,36.0,48.0,54.0,,,,,,,,,,,,,,,,,,,,,,,,,,,,,,,,,,,,,,,,,,,,,,,,,,,,,,,,,,,,,,,,,,,,,,,,,,,,,,,,,,,,,,,,,,,,,,,,,,,,,,,,,,,,,,,,,,,,,,,,,,,,,
1627380433.6395,ea:82:7f:89:cc:08,11,12,1574.0,506f9a16030102,,,,84,GooglePixel3A_V,1.0,2.0,5.5,11.0,,,,,6.0,9.0,12.0,18.0,24.0,36.0,48.0,54.0,,,,,,,,,,,,,,,,,,,,,,,,,,,,,,,,,,,,,,,,,,,,,,,,,,,,,,,,,,,,,,,,,,,,,,,,,,,,,,,,,,,,,,,,,,,,,,,,,,,,,,,,,,,,,,,,,,,,,,,,,,,,,
1627380433.656906,ea:82:7f:89:cc:08,11,13,1575.0,506f9a16030102,,,,84,GooglePixel3A_V,1.0,2.0,5.5,11.0,,,,,6.0,9.0,12.0,18.0,24.0,36.0,48.0,54.0,,,,,,,,,,,,,,,,,,,,,,,,,,,,,,,,,,,,,,,,,,,,,,,,,,,,,,,,,,,,,,,,,,,,,,,,,,,,,,,,,,,,,,,,,,,,,,,,,,,,,,,,,,,,,,,,,,,,,,,,,,,,,
