Item 1,Item 2,Equality,device1,device2
442,464,1,XiaomiRedmiNote9S_T,XiaomiRedmiNote9S_T
230,240,1,XiaomiRedmiNote7_S,XiaomiRedmiNote7_S
2,24,1,XiaomiRedmi4_B,XiaomiRedmi4_B
362,375,1,XiaomiRedmi5_J,XiaomiRedmi5_J
351,374,1,XiaomiRedmi5_J,XiaomiRedmi5_J
589,603,1,iPhone11_M,iPhone11_M
533,554,1,XiaomiA2_E,XiaomiA2_E
275,279,1,XiaomiRedmiNote7_S,XiaomiRedmiNote7_S
214,218,1,OppoFindX3Neo_A,OppoFindX3Neo_A
349,380,1,XiaomiRedmi5_J,XiaomiRedmi5_J
38,45,1,XiaomiRedmi4_B,XiaomiRedmi4_B
64,101,1,iPhoneXR_L,iPhoneXR_L
366,377,1,XiaomiRedmi5_J,XiaomiRedmi5_J
331,341,1,XiaomiRedmi5_J,XiaomiRedmi5_J
501,525,1,iPhoneXSMax_M,iPhoneXSMax_M
494,506,1,iPhoneXSMax_M,iPhoneXSMax_M
573,600,1,iPhone11_M,iPhone11_M
547,551,1,XiaomiA2_E,XiaomiA2_E
446,451,1,XiaomiRedmiNote9S_T,XiaomiRedmiNote9S_T
594,605,1,iPhone11_M,iPhone11_M
600,602,1,iPhone11_M,iPhone11_M
581,584,1,iPhone11_M,iPhone11_M
367,368,1,XiaomiRedmi5_J,XiaomiRedmi5_J
5,49,1,XiaomiRedmi4_B,XiaomiRedmi4_B
332,337,1,XiaomiRedmi5_J,XiaomiRedmi5_J
264,295,1,XiaomiRedmiNote7_S,XiaomiRedmiNote7_S
354,358,1,XiaomiRedmi5_J,XiaomiRedmi5_J
331,333,1,XiaomiRedmi5_J,XiaomiRedmi5_J
5,25,1,XiaomiRedmi4_B,XiaomiRedmi4_B
542,550,1,XiaomiA2_E,XiaomiA2_E
406,408,1,XiaomiRedmiNote9S_T,XiaomiRedmiNote9S_T
338,355,1,XiaomiRedmi5_J,XiaomiRedmi5_J
2,43,1,XiaomiRedmi4_B,XiaomiRedmi4_B
324,376,1,XiaomiRedmi5_J,XiaomiRedmi5_J
447,463,1,XiaomiRedmiNote9S_T,XiaomiRedmiNote9S_T
573,577,1,iPhone11_M,iPhone11_M
587,601,1,iPhone11_M,iPhone11_M
536,563,1,XiaomiA2_E,XiaomiA2_E
417,451,1,XiaomiRedmiNote9S_T,XiaomiRedmiNote9S_T
433,444,1,XiaomiRedmiNote9S_T,XiaomiRedmiNote9S_T
533,560,1,XiaomiA2_E,XiaomiA2_E
63,75,1,iPhoneXR_L,iPhoneXR_L
172,185,1,HuaweiHonor9_R,HuaweiHonor9_R
574,599,1,iPhone11_M,iPhone11_M
471,484,1,OnePlusNord_O,OnePlusNord_O
664,665,1,iPhone12_M,iPhone12_M
340,379,1,XiaomiRedmi5_J,XiaomiRedmi5_J
317,350,1,XiaomiRedmi5_J,XiaomiRedmi5_J
546,555,1,XiaomiA2_E,XiaomiA2_E
195,210,1,SamsungS7_I,SamsungS7_I
225,260,1,XiaomiRedmiNote7_S,XiaomiRedmiNote7_S
9,13,1,XiaomiRedmi4_B,XiaomiRedmi4_B
147,171,1,HuaweiHonor9_R,HuaweiHonor9_R
551,552,1,XiaomiA2_E,XiaomiA2_E
51,96,1,iPhoneXR_L,iPhoneXR_L
238,287,1,XiaomiRedmiNote7_S,XiaomiRedmiNote7_S
324,357,1,XiaomiRedmi5_J,XiaomiRedmi5_J
379,382,1,XiaomiRedmi5_J,XiaomiRedmi5_J
440,449,1,XiaomiRedmiNote9S_T,XiaomiRedmiNote9S_T
64,88,1,iPhoneXR_L,iPhoneXR_L
680,686,1,SamsungJ6_K,SamsungJ6_K
264,289,1,XiaomiRedmiNote7_S,XiaomiRedmiNote7_S
422,426,1,XiaomiRedmiNote9S_T,XiaomiRedmiNote9S_T
528,547,1,XiaomiA2_E,XiaomiA2_E
411,413,1,XiaomiRedmiNote9S_T,XiaomiRedmiNote9S_T
701,708,1,GooglePixel3A_V,GooglePixel3A_V
2,16,1,XiaomiRedmi4_B,XiaomiRedmi4_B
527,563,1,XiaomiA2_E,XiaomiA2_E
222,227,1,XiaomiRedmiNote7_S,XiaomiRedmiNote7_S
531,552,1,XiaomiA2_E,XiaomiA2_E
468,478,1,OnePlusNord_O,OnePlusNord_O
228,246,1,XiaomiRedmiNote7_S,XiaomiRedmiNote7_S
425,432,1,XiaomiRedmiNote9S_T,XiaomiRedmiNote9S_T
195,198,1,SamsungS7_I,SamsungS7_I
617,633,1,iPhone6_N,iPhone6_N
574,585,1,iPhone11_M,iPhone11_M
170,189,1,HuaweiHonor9_R,HuaweiHonor9_R
324,386,1,XiaomiRedmi5_J,XiaomiRedmi5_J
66,76,1,iPhoneXR_L,iPhoneXR_L
341,375,1,XiaomiRedmi5_J,XiaomiRedmi5_J
417,422,1,XiaomiRedmiNote9S_T,XiaomiRedmiNote9S_T
409,440,1,XiaomiRedmiNote9S_T,XiaomiRedmiNote9S_T
665,672,1,iPhone12_M,iPhone12_M
266,277,1,XiaomiRedmiNote7_S,XiaomiRedmiNote7_S
84,103,1,iPhoneXR_L,iPhoneXR_L
115,138,1,GooglePixel3A_L,GooglePixel3A_L
51,59,1,iPhoneXR_L,iPhoneXR_L
539,549,1,XiaomiA2_E,XiaomiA2_E
238,261,1,XiaomiRedmiNote7_S,XiaomiRedmiNote7_S
244,262,1,XiaomiRedmiNote7_S,XiaomiRedmiNote7_S
57,99,1,iPhoneXR_L,iPhoneXR_L
225,288,1,XiaomiRedmiNote7_S,XiaomiRedmiNote7_S
72,97,1,iPhoneXR_L,iPhoneXR_L
514,515,1,iPhoneXSMax_M,iPhoneXSMax_M
612,617,1,iPhone6_N,iPhone6_N
346,355,1,XiaomiRedmi5_J,XiaomiRedmi5_J
259,279,1,XiaomiRedmiNote7_S,XiaomiRedmiNote7_S
233,247,1,XiaomiRedmiNote7_S,XiaomiRedmiNote7_S
575,604,1,iPhone11_M,iPhone11_M
246,273,1,XiaomiRedmiNote7_S,XiaomiRedmiNote7_S
144,164,1,HuaweiHonor9_R,HuaweiHonor9_R
415,434,1,XiaomiRedmiNote9S_T,XiaomiRedmiNote9S_T
423,448,1,XiaomiRedmiNote9S_T,XiaomiRedmiNote9S_T
272,283,1,XiaomiRedmiNote7_S,XiaomiRedmiNote7_S
13,28,1,XiaomiRedmi4_B,XiaomiRedmi4_B
226,231,1,XiaomiRedmiNote7_S,XiaomiRedmiNote7_S
118,127,1,GooglePixel3A_L,GooglePixel3A_L
196,205,1,SamsungS7_I,SamsungS7_I
366,378,1,XiaomiRedmi5_J,XiaomiRedmi5_J
706,710,1,GooglePixel3A_V,GooglePixel3A_V
160,186,1,HuaweiHonor9_R,HuaweiHonor9_R
683,693,1,SamsungJ6_K,SamsungJ6_K
541,554,1,XiaomiA2_E,XiaomiA2_E
239,283,1,XiaomiRedmiNote7_S,XiaomiRedmiNote7_S
262,281,1,XiaomiRedmiNote7_S,XiaomiRedmiNote7_S
236,267,1,XiaomiRedmiNote7_S,XiaomiRedmiNote7_S
715,728,1,iPhone7_F,iPhone7_F
336,342,1,XiaomiRedmi5_J,XiaomiRedmi5_J
622,634,1,iPhone6_N,iPhone6_N
11,36,1,XiaomiRedmi4_B,XiaomiRedmi4_B
335,386,1,XiaomiRedmi5_J,XiaomiRedmi5_J
233,290,1,XiaomiRedmiNote7_S,XiaomiRedmiNote7_S
569,603,1,iPhone11_M,iPhone11_M
5,10,1,XiaomiRedmi4_B,XiaomiRedmi4_B
87,88,1,iPhoneXR_L,iPhoneXR_L
540,560,1,XiaomiA2_E,XiaomiA2_E
370,371,1,XiaomiRedmi5_J,XiaomiRedmi5_J
107,116,1,GooglePixel3A_L,GooglePixel3A_L
62,76,1,iPhoneXR_L,iPhoneXR_L
193,204,1,SamsungS7_I,SamsungS7_I
317,321,1,XiaomiRedmi5_J,XiaomiRedmi5_J
547,550,1,XiaomiA2_E,XiaomiA2_E
373,385,1,XiaomiRedmi5_J,XiaomiRedmi5_J
222,244,1,XiaomiRedmiNote7_S,XiaomiRedmiNote7_S
515,517,1,iPhoneXSMax_M,iPhoneXSMax_M
229,252,1,XiaomiRedmiNote7_S,XiaomiRedmiNote7_S
419,430,1,XiaomiRedmiNote9S_T,XiaomiRedmiNote9S_T
347,392,1,XiaomiRedmi5_J,XiaomiRedmi5_J
324,385,1,XiaomiRedmi5_J,XiaomiRedmi5_J
145,181,1,HuaweiHonor9_R,HuaweiHonor9_R
63,72,1,iPhoneXR_L,iPhoneXR_L
431,444,1,XiaomiRedmiNote9S_T,XiaomiRedmiNote9S_T
122,130,1,GooglePixel3A_L,GooglePixel3A_L
405,438,1,XiaomiRedmiNote9S_T,XiaomiRedmiNote9S_T
338,356,1,XiaomiRedmi5_J,XiaomiRedmi5_J
225,273,1,XiaomiRedmiNote7_S,XiaomiRedmiNote7_S
250,276,1,XiaomiRedmiNote7_S,XiaomiRedmiNote7_S
256,287,1,XiaomiRedmiNote7_S,XiaomiRedmiNote7_S
231,240,1,XiaomiRedmiNote7_S,XiaomiRedmiNote7_S
80,95,1,iPhoneXR_L,iPhoneXR_L
67,102,1,iPhoneXR_L,iPhoneXR_L
143,163,1,HuaweiHonor9_R,HuaweiHonor9_R
146,186,1,HuaweiHonor9_R,HuaweiHonor9_R
252,253,1,XiaomiRedmiNote7_S,XiaomiRedmiNote7_S
284,289,1,XiaomiRedmiNote7_S,XiaomiRedmiNote7_S
413,443,1,XiaomiRedmiNote9S_T,XiaomiRedmiNote9S_T
316,383,1,XiaomiRedmi5_J,XiaomiRedmi5_J
222,248,1,XiaomiRedmiNote7_S,XiaomiRedmiNote7_S
224,251,1,XiaomiRedmiNote7_S,XiaomiRedmiNote7_S
197,202,1,SamsungS7_I,SamsungS7_I
539,562,1,XiaomiA2_E,XiaomiA2_E
166,184,1,HuaweiHonor9_R,HuaweiHonor9_R
310,356,1,XiaomiRedmi5_J,XiaomiRedmi5_J
722,724,1,iPhone7_F,iPhone7_F
498,499,1,iPhoneXSMax_M,iPhoneXSMax_M
133,134,1,GooglePixel3A_L,GooglePixel3A_L
455,457,1,XiaomiRedmiNote9S_T,XiaomiRedmiNote9S_T
250,257,1,XiaomiRedmiNote7_S,XiaomiRedmiNote7_S
393,396,1,SamsungM31_A,SamsungM31_A
349,386,1,XiaomiRedmi5_J,XiaomiRedmi5_J
54,96,1,iPhoneXR_L,iPhoneXR_L
330,388,1,XiaomiRedmi5_J,XiaomiRedmi5_J
609,618,1,iPhone6_N,iPhone6_N
569,597,1,iPhone11_M,iPhone11_M
476,486,1,OnePlusNord_O,OnePlusNord_O
410,462,1,XiaomiRedmiNote9S_T,XiaomiRedmiNote9S_T
577,585,1,iPhone11_M,iPhone11_M
53,89,1,iPhoneXR_L,iPhoneXR_L
439,454,1,XiaomiRedmiNote9S_T,XiaomiRedmiNote9S_T
5,36,1,XiaomiRedmi4_B,XiaomiRedmi4_B
615,636,1,iPhone6_N,iPhone6_N
317,369,1,XiaomiRedmi5_J,XiaomiRedmi5_J
246,259,1,XiaomiRedmiNote7_S,XiaomiRedmiNote7_S
569,598,1,iPhone11_M,iPhone11_M
153,185,1,HuaweiHonor9_R,HuaweiHonor9_R
142,176,1,HuaweiHonor9_R,HuaweiHonor9_R
237,283,1,XiaomiRedmiNote7_S,XiaomiRedmiNote7_S
338,359,1,XiaomiRedmi5_J,XiaomiRedmi5_J
337,387,1,XiaomiRedmi5_J,XiaomiRedmi5_J
336,391,1,XiaomiRedmi5_J,XiaomiRedmi5_J
274,288,1,XiaomiRedmiNote7_S,XiaomiRedmiNote7_S
534,560,1,XiaomiA2_E,XiaomiA2_E
544,548,1,XiaomiA2_E,XiaomiA2_E
683,692,1,SamsungJ6_K,SamsungJ6_K
223,271,1,XiaomiRedmiNote7_S,XiaomiRedmiNote7_S
233,250,1,XiaomiRedmiNote7_S,XiaomiRedmiNote7_S
277,292,1,XiaomiRedmiNote7_S,XiaomiRedmiNote7_S
30,48,1,XiaomiRedmi4_B,XiaomiRedmi4_B
283,285,1,XiaomiRedmiNote7_S,XiaomiRedmiNote7_S
701,712,1,GooglePixel3A_V,GooglePixel3A_V
198,200,1,SamsungS7_I,SamsungS7_I
120,132,1,GooglePixel3A_L,GooglePixel3A_L
348,369,1,XiaomiRedmi5_J,XiaomiRedmi5_J
715,717,1,iPhone7_F,iPhone7_F
240,270,1,XiaomiRedmiNote7_S,XiaomiRedmiNote7_S
431,432,1,XiaomiRedmiNote9S_T,XiaomiRedmiNote9S_T
316,324,1,XiaomiRedmi5_J,XiaomiRedmi5_J
410,414,1,XiaomiRedmiNote9S_T,XiaomiRedmiNote9S_T
420,437,1,XiaomiRedmiNote9S_T,XiaomiRedmiNote9S_T
607,629,1,iPhone6_N,iPhone6_N
13,39,1,XiaomiRedmi4_B,XiaomiRedmi4_B
64,94,1,iPhoneXR_L,iPhoneXR_L
246,295,1,XiaomiRedmiNote7_S,XiaomiRedmiNote7_S
420,427,1,XiaomiRedmiNote9S_T,XiaomiRedmiNote9S_T
37,43,1,XiaomiRedmi4_B,XiaomiRedmi4_B
348,387,1,XiaomiRedmi5_J,XiaomiRedmi5_J
120,135,1,GooglePixel3A_L,GooglePixel3A_L
449,452,1,XiaomiRedmiNote9S_T,XiaomiRedmiNote9S_T
645,654,1,iPhone12_W,iPhone12_W
614,620,1,iPhone6_N,iPhone6_N
250,272,1,XiaomiRedmiNote7_S,XiaomiRedmiNote7_S
405,435,1,XiaomiRedmiNote9S_T,XiaomiRedmiNote9S_T
335,342,1,XiaomiRedmi5_J,XiaomiRedmi5_J
283,291,1,XiaomiRedmiNote7_S,XiaomiRedmiNote7_S
405,444,1,XiaomiRedmiNote9S_T,XiaomiRedmiNote9S_T
265,268,1,XiaomiRedmiNote7_S,XiaomiRedmiNote7_S
5,27,1,XiaomiRedmi4_B,XiaomiRedmi4_B
23,31,1,XiaomiRedmi4_B,XiaomiRedmi4_B
399,401,1,SamsungM31_A,SamsungM31_A
233,258,1,XiaomiRedmiNote7_S,XiaomiRedmiNote7_S
239,286,1,XiaomiRedmiNote7_S,XiaomiRedmiNote7_S
245,261,1,XiaomiRedmiNote7_S,XiaomiRedmiNote7_S
499,520,1,iPhoneXSMax_M,iPhoneXSMax_M
707,712,1,GooglePixel3A_V,GooglePixel3A_V
725,726,1,iPhone7_F,iPhone7_F
421,446,1,XiaomiRedmiNote9S_T,XiaomiRedmiNote9S_T
153,173,1,HuaweiHonor9_R,HuaweiHonor9_R
367,382,1,XiaomiRedmi5_J,XiaomiRedmi5_J
86,87,1,iPhoneXR_L,iPhoneXR_L
715,721,1,iPhone7_F,iPhone7_F
621,626,1,iPhone6_N,iPhone6_N
239,271,1,XiaomiRedmiNote7_S,XiaomiRedmiNote7_S
425,457,1,XiaomiRedmiNote9S_T,XiaomiRedmiNote9S_T
673,677,1,iPhone12_M,iPhone12_M
231,269,1,XiaomiRedmiNote7_S,XiaomiRedmiNote7_S
405,433,1,XiaomiRedmiNote9S_T,XiaomiRedmiNote9S_T
243,245,1,XiaomiRedmiNote7_S,XiaomiRedmiNote7_S
638,643,1,iPhone11_B,iPhone11_B
516,523,1,iPhoneXSMax_M,iPhoneXSMax_M
239,262,1,XiaomiRedmiNote7_S,XiaomiRedmiNote7_S
421,440,1,XiaomiRedmiNote9S_T,XiaomiRedmiNote9S_T
504,519,1,iPhoneXSMax_M,iPhoneXSMax_M
501,505,1,iPhoneXSMax_M,iPhoneXSMax_M
64,102,1,iPhoneXR_L,iPhoneXR_L
24,42,1,XiaomiRedmi4_B,XiaomiRedmi4_B
500,504,1,iPhoneXSMax_M,iPhoneXSMax_M
154,157,1,HuaweiHonor9_R,HuaweiHonor9_R
79,99,1,iPhoneXR_L,iPhoneXR_L
704,713,1,GooglePixel3A_V,GooglePixel3A_V
547,554,1,XiaomiA2_E,XiaomiA2_E
65,84,1,iPhoneXR_L,iPhoneXR_L
543,552,1,XiaomiA2_E,XiaomiA2_E
165,175,1,HuaweiHonor9_R,HuaweiHonor9_R
243,292,1,XiaomiRedmiNote7_S,XiaomiRedmiNote7_S
273,283,1,XiaomiRedmiNote7_S,XiaomiRedmiNote7_S
423,442,1,XiaomiRedmiNote9S_T,XiaomiRedmiNote9S_T
228,288,1,XiaomiRedmiNote7_S,XiaomiRedmiNote7_S
341,351,1,XiaomiRedmi5_J,XiaomiRedmi5_J
331,376,1,XiaomiRedmi5_J,XiaomiRedmi5_J
107,119,1,GooglePixel3A_L,GooglePixel3A_L
550,562,1,XiaomiA2_E,XiaomiA2_E
92,102,1,iPhoneXR_L,iPhoneXR_L
252,262,1,XiaomiRedmiNote7_S,XiaomiRedmiNote7_S
267,293,1,XiaomiRedmiNote7_S,XiaomiRedmiNote7_S
617,618,1,iPhone6_N,iPhone6_N
230,293,1,XiaomiRedmiNote7_S,XiaomiRedmiNote7_S
237,275,1,XiaomiRedmiNote7_S,XiaomiRedmiNote7_S
124,137,1,GooglePixel3A_L,GooglePixel3A_L
440,456,1,XiaomiRedmiNote9S_T,XiaomiRedmiNote9S_T
432,442,1,XiaomiRedmiNote9S_T,XiaomiRedmiNote9S_T
495,525,1,iPhoneXSMax_M,iPhoneXSMax_M
683,686,1,SamsungJ6_K,SamsungJ6_K
143,168,1,HuaweiHonor9_R,HuaweiHonor9_R
674,679,1,iPhone12_M,iPhone12_M
406,434,1,XiaomiRedmiNote9S_T,XiaomiRedmiNote9S_T
409,411,1,XiaomiRedmiNote9S_T,XiaomiRedmiNote9S_T
229,271,1,XiaomiRedmiNote7_S,XiaomiRedmiNote7_S
249,288,1,XiaomiRedmiNote7_S,XiaomiRedmiNote7_S
105,119,1,GooglePixel3A_L,GooglePixel3A_L
322,380,1,XiaomiRedmi5_J,XiaomiRedmi5_J
82,98,1,iPhoneXR_L,iPhoneXR_L
348,383,1,XiaomiRedmi5_J,XiaomiRedmi5_J
546,559,1,XiaomiA2_E,XiaomiA2_E
143,181,1,HuaweiHonor9_R,HuaweiHonor9_R
224,226,1,XiaomiRedmiNote7_S,XiaomiRedmiNote7_S
291,295,1,XiaomiRedmiNote7_S,XiaomiRedmiNote7_S
2,41,1,XiaomiRedmi4_B,XiaomiRedmi4_B
411,422,1,XiaomiRedmiNote9S_T,XiaomiRedmiNote9S_T
346,383,1,XiaomiRedmi5_J,XiaomiRedmi5_J
263,296,1,XiaomiRedmiNote7_S,XiaomiRedmiNote7_S
468,480,1,OnePlusNord_O,OnePlusNord_O
150,159,1,HuaweiHonor9_R,HuaweiHonor9_R
76,87,1,iPhoneXR_L,iPhoneXR_L
240,293,1,XiaomiRedmiNote7_S,XiaomiRedmiNote7_S
333,338,1,XiaomiRedmi5_J,XiaomiRedmi5_J
557,565,1,XiaomiA2_E,XiaomiA2_E
183,186,1,HuaweiHonor9_R,HuaweiHonor9_R
76,98,1,iPhoneXR_L,iPhoneXR_L
32,44,1,XiaomiRedmi4_B,XiaomiRedmi4_B
165,180,1,HuaweiHonor9_R,HuaweiHonor9_R
81,82,1,iPhoneXR_L,iPhoneXR_L
278,293,1,XiaomiRedmiNote7_S,XiaomiRedmiNote7_S
619,630,1,iPhone6_N,iPhone6_N
413,446,1,XiaomiRedmiNote9S_T,XiaomiRedmiNote9S_T
1,38,1,XiaomiRedmi4_B,XiaomiRedmi4_B
405,463,1,XiaomiRedmiNote9S_T,XiaomiRedmiNote9S_T
80,103,1,iPhoneXR_L,iPhoneXR_L
537,566,1,XiaomiA2_E,XiaomiA2_E
322,338,1,XiaomiRedmi5_J,XiaomiRedmi5_J
727,731,1,iPhone7_F,iPhone7_F
241,267,1,XiaomiRedmiNote7_S,XiaomiRedmiNote7_S
580,589,1,iPhone11_M,iPhone11_M
528,545,1,XiaomiA2_E,XiaomiA2_E
327,357,1,XiaomiRedmi5_J,XiaomiRedmi5_J
141,174,1,HuaweiHonor9_R,HuaweiHonor9_R
420,461,1,XiaomiRedmiNote9S_T,XiaomiRedmiNote9S_T
530,558,1,XiaomiA2_E,XiaomiA2_E
27,29,1,XiaomiRedmi4_B,XiaomiRedmi4_B
185,188,1,HuaweiHonor9_R,HuaweiHonor9_R
306,309,1,iPhoneXR_U,iPhoneXR_U
526,562,1,XiaomiA2_E,XiaomiA2_E
556,562,1,XiaomiA2_E,XiaomiA2_E
688,689,1,SamsungJ6_K,SamsungJ6_K
437,445,1,XiaomiRedmiNote9S_T,XiaomiRedmiNote9S_T
707,710,1,GooglePixel3A_V,GooglePixel3A_V
14,16,1,XiaomiRedmi4_B,XiaomiRedmi4_B
337,358,1,XiaomiRedmi5_J,XiaomiRedmi5_J
107,140,1,GooglePixel3A_L,GooglePixel3A_L
11,47,1,XiaomiRedmi4_B,XiaomiRedmi4_B
255,289,1,XiaomiRedmiNote7_S,XiaomiRedmiNote7_S
240,286,1,XiaomiRedmiNote7_S,XiaomiRedmiNote7_S
411,420,1,XiaomiRedmiNote9S_T,XiaomiRedmiNote9S_T
70,92,1,iPhoneXR_L,iPhoneXR_L
418,429,1,XiaomiRedmiNote9S_T,XiaomiRedmiNote9S_T
313,358,1,XiaomiRedmi5_J,XiaomiRedmi5_J
234,238,1,XiaomiRedmiNote7_S,XiaomiRedmiNote7_S
155,157,1,HuaweiHonor9_R,HuaweiHonor9_R
232,271,1,XiaomiRedmiNote7_S,XiaomiRedmiNote7_S
370,380,1,XiaomiRedmi5_J,XiaomiRedmi5_J
160,175,1,HuaweiHonor9_R,HuaweiHonor9_R
226,278,1,XiaomiRedmiNote7_S,XiaomiRedmiNote7_S
262,272,1,XiaomiRedmiNote7_S,XiaomiRedmiNote7_S
254,285,1,XiaomiRedmiNote7_S,XiaomiRedmiNote7_S
586,600,1,iPhone11_M,iPhone11_M
240,289,1,XiaomiRedmiNote7_S,XiaomiRedmiNote7_S
425,460,1,XiaomiRedmiNote9S_T,XiaomiRedmiNote9S_T
302,304,1,iPhoneXR_U,iPhoneXR_U
326,380,1,XiaomiRedmi5_J,XiaomiRedmi5_J
314,361,1,XiaomiRedmi5_J,XiaomiRedmi5_J
42,48,1,XiaomiRedmi4_B,XiaomiRedmi4_B
528,553,1,XiaomiA2_E,XiaomiA2_E
28,37,1,XiaomiRedmi4_B,XiaomiRedmi4_B
153,187,1,HuaweiHonor9_R,HuaweiHonor9_R
154,174,1,HuaweiHonor9_R,HuaweiHonor9_R
84,87,1,iPhoneXR_L,iPhoneXR_L
38,40,1,XiaomiRedmi4_B,XiaomiRedmi4_B
56,88,1,iPhoneXR_L,iPhoneXR_L
153,169,1,HuaweiHonor9_R,HuaweiHonor9_R
106,133,1,GooglePixel3A_L,GooglePixel3A_L
240,279,1,XiaomiRedmiNote7_S,XiaomiRedmiNote7_S
506,519,1,iPhoneXSMax_M,iPhoneXSMax_M
297,306,1,iPhoneXR_U,iPhoneXR_U
227,238,1,XiaomiRedmiNote7_S,XiaomiRedmiNote7_S
160,176,1,HuaweiHonor9_R,HuaweiHonor9_R
261,280,1,XiaomiRedmiNote7_S,XiaomiRedmiNote7_S
336,378,1,XiaomiRedmi5_J,XiaomiRedmi5_J
614,619,1,iPhone6_N,iPhone6_N
18,40,1,XiaomiRedmi4_B,XiaomiRedmi4_B
434,454,1,XiaomiRedmiNote9S_T,XiaomiRedmiNote9S_T
362,391,1,XiaomiRedmi5_J,XiaomiRedmi5_J
269,273,1,XiaomiRedmiNote7_S,XiaomiRedmiNote7_S
250,270,1,XiaomiRedmiNote7_S,XiaomiRedmiNote7_S
225,240,1,XiaomiRedmiNote7_S,XiaomiRedmiNote7_S
169,176,1,HuaweiHonor9_R,HuaweiHonor9_R
261,278,1,XiaomiRedmiNote7_S,XiaomiRedmiNote7_S
315,347,1,XiaomiRedmi5_J,XiaomiRedmi5_J
262,286,1,XiaomiRedmiNote7_S,XiaomiRedmiNote7_S
571,574,1,iPhone11_M,iPhone11_M
6,37,1,XiaomiRedmi4_B,XiaomiRedmi4_B
529,530,1,XiaomiA2_E,XiaomiA2_E
429,456,1,XiaomiRedmiNote9S_T,XiaomiRedmiNote9S_T
615,616,1,iPhone6_N,iPhone6_N
429,453,1,XiaomiRedmiNote9S_T,XiaomiRedmiNote9S_T
15,37,1,XiaomiRedmi4_B,XiaomiRedmi4_B
432,441,1,XiaomiRedmiNote9S_T,XiaomiRedmiNote9S_T
116,135,1,GooglePixel3A_L,GooglePixel3A_L
225,234,1,XiaomiRedmiNote7_S,XiaomiRedmiNote7_S
40,49,1,XiaomiRedmi4_B,XiaomiRedmi4_B
466,491,1,OnePlusNord_O,OnePlusNord_O
228,279,1,XiaomiRedmiNote7_S,XiaomiRedmiNote7_S
251,295,1,XiaomiRedmiNote7_S,XiaomiRedmiNote7_S
496,512,1,iPhoneXSMax_M,iPhoneXSMax_M
494,525,1,iPhoneXSMax_M,iPhoneXSMax_M
415,448,1,XiaomiRedmiNote9S_T,XiaomiRedmiNote9S_T
241,287,1,XiaomiRedmiNote7_S,XiaomiRedmiNote7_S
312,387,1,XiaomiRedmi5_J,XiaomiRedmi5_J
255,256,1,XiaomiRedmiNote7_S,XiaomiRedmiNote7_S
244,283,1,XiaomiRedmiNote7_S,XiaomiRedmiNote7_S
222,269,1,XiaomiRedmiNote7_S,XiaomiRedmiNote7_S
231,283,1,XiaomiRedmiNote7_S,XiaomiRedmiNote7_S
323,372,1,XiaomiRedmi5_J,XiaomiRedmi5_J
371,387,1,XiaomiRedmi5_J,XiaomiRedmi5_J
612,620,1,iPhone6_N,iPhone6_N
102,104,1,iPhoneXR_L,iPhoneXR_L
143,153,1,HuaweiHonor9_R,HuaweiHonor9_R
607,633,1,iPhone6_N,iPhone6_N
22,28,1,XiaomiRedmi4_B,XiaomiRedmi4_B
253,285,1,XiaomiRedmiNote7_S,XiaomiRedmiNote7_S
233,257,1,XiaomiRedmiNote7_S,XiaomiRedmiNote7_S
329,369,1,XiaomiRedmi5_J,XiaomiRedmi5_J
143,159,1,HuaweiHonor9_R,HuaweiHonor9_R
351,389,1,XiaomiRedmi5_J,XiaomiRedmi5_J
66,67,1,iPhoneXR_L,iPhoneXR_L
225,263,1,XiaomiRedmiNote7_S,XiaomiRedmiNote7_S
240,295,1,XiaomiRedmiNote7_S,XiaomiRedmiNote7_S
181,190,1,HuaweiHonor9_R,HuaweiHonor9_R
73,94,1,iPhoneXR_L,iPhoneXR_L
343,384,1,XiaomiRedmi5_J,XiaomiRedmi5_J
312,333,1,XiaomiRedmi5_J,XiaomiRedmi5_J
156,169,1,HuaweiHonor9_R,HuaweiHonor9_R
152,185,1,HuaweiHonor9_R,HuaweiHonor9_R
81,96,1,iPhoneXR_L,iPhoneXR_L
126,136,1,GooglePixel3A_L,GooglePixel3A_L
248,289,1,XiaomiRedmiNote7_S,XiaomiRedmiNote7_S
63,71,1,iPhoneXR_L,iPhoneXR_L
148,157,1,HuaweiHonor9_R,HuaweiHonor9_R
76,83,1,iPhoneXR_L,iPhoneXR_L
411,443,1,XiaomiRedmiNote9S_T,XiaomiRedmiNote9S_T
611,633,1,iPhone6_N,iPhone6_N
347,367,1,XiaomiRedmi5_J,XiaomiRedmi5_J
631,635,1,iPhone6_N,iPhone6_N
236,255,1,XiaomiRedmiNote7_S,XiaomiRedmiNote7_S
314,392,1,XiaomiRedmi5_J,XiaomiRedmi5_J
148,182,1,HuaweiHonor9_R,HuaweiHonor9_R
256,289,1,XiaomiRedmiNote7_S,XiaomiRedmiNote7_S
436,439,1,XiaomiRedmiNote9S_T,XiaomiRedmiNote9S_T
245,275,1,XiaomiRedmiNote7_S,XiaomiRedmiNote7_S
405,419,1,XiaomiRedmiNote9S_T,XiaomiRedmiNote9S_T
40,42,1,XiaomiRedmi4_B,XiaomiRedmi4_B
129,137,1,GooglePixel3A_L,GooglePixel3A_L
59,79,1,iPhoneXR_L,iPhoneXR_L
670,676,1,iPhone12_M,iPhone12_M
240,296,1,XiaomiRedmiNote7_S,XiaomiRedmiNote7_S
249,289,1,XiaomiRedmiNote7_S,XiaomiRedmiNote7_S
59,69,1,iPhoneXR_L,iPhoneXR_L
56,90,1,iPhoneXR_L,iPhoneXR_L
582,585,1,iPhone11_M,iPhone11_M
18,43,1,XiaomiRedmi4_B,XiaomiRedmi4_B
333,354,1,XiaomiRedmi5_J,XiaomiRedmi5_J
23,34,1,XiaomiRedmi4_B,XiaomiRedmi4_B
60,68,1,iPhoneXR_L,iPhoneXR_L
367,374,1,XiaomiRedmi5_J,XiaomiRedmi5_J
113,126,1,GooglePixel3A_L,GooglePixel3A_L
128,130,1,GooglePixel3A_L,GooglePixel3A_L
417,429,1,XiaomiRedmiNote9S_T,XiaomiRedmiNote9S_T
537,539,1,XiaomiA2_E,XiaomiA2_E
327,365,1,XiaomiRedmi5_J,XiaomiRedmi5_J
607,625,1,iPhone6_N,iPhone6_N
2,3,1,XiaomiRedmi4_B,XiaomiRedmi4_B
26,48,1,XiaomiRedmi4_B,XiaomiRedmi4_B
64,83,1,iPhoneXR_L,iPhoneXR_L
341,388,1,XiaomiRedmi5_J,XiaomiRedmi5_J
613,619,1,iPhone6_N,iPhone6_N
442,454,1,XiaomiRedmiNote9S_T,XiaomiRedmiNote9S_T
417,436,1,XiaomiRedmiNote9S_T,XiaomiRedmiNote9S_T
9,21,1,XiaomiRedmi4_B,XiaomiRedmi4_B
146,164,1,HuaweiHonor9_R,HuaweiHonor9_R
359,381,1,XiaomiRedmi5_J,XiaomiRedmi5_J
667,678,1,iPhone12_M,iPhone12_M
569,586,1,iPhone11_M,iPhone11_M
546,547,1,XiaomiA2_E,XiaomiA2_E
310,339,1,XiaomiRedmi5_J,XiaomiRedmi5_J
334,360,1,XiaomiRedmi5_J,XiaomiRedmi5_J
428,429,1,XiaomiRedmiNote9S_T,XiaomiRedmiNote9S_T
346,374,1,XiaomiRedmi5_J,XiaomiRedmi5_J
682,686,1,SamsungJ6_K,SamsungJ6_K
581,604,1,iPhone11_M,iPhone11_M
6,43,1,XiaomiRedmi4_B,XiaomiRedmi4_B
383,389,1,XiaomiRedmi5_J,XiaomiRedmi5_J
124,136,1,GooglePixel3A_L,GooglePixel3A_L
368,378,1,XiaomiRedmi5_J,XiaomiRedmi5_J
617,636,1,iPhone6_N,iPhone6_N
575,595,1,iPhone11_M,iPhone11_M
15,27,1,XiaomiRedmi4_B,XiaomiRedmi4_B
443,461,1,XiaomiRedmiNote9S_T,XiaomiRedmiNote9S_T
317,320,1,XiaomiRedmi5_J,XiaomiRedmi5_J
68,82,1,iPhoneXR_L,iPhoneXR_L
567,588,1,iPhone11_M,iPhone11_M
55,73,1,iPhoneXR_L,iPhoneXR_L
552,555,1,XiaomiA2_E,XiaomiA2_E
1,28,1,XiaomiRedmi4_B,XiaomiRedmi4_B
231,292,1,XiaomiRedmiNote7_S,XiaomiRedmiNote7_S
114,133,1,GooglePixel3A_L,GooglePixel3A_L
123,132,1,GooglePixel3A_L,GooglePixel3A_L
1,31,1,XiaomiRedmi4_B,XiaomiRedmi4_B
235,246,1,XiaomiRedmiNote7_S,XiaomiRedmiNote7_S
310,332,1,XiaomiRedmi5_J,XiaomiRedmi5_J
413,440,1,XiaomiRedmiNote9S_T,XiaomiRedmiNote9S_T
341,346,1,XiaomiRedmi5_J,XiaomiRedmi5_J
423,439,1,XiaomiRedmiNote9S_T,XiaomiRedmiNote9S_T
349,385,1,XiaomiRedmi5_J,XiaomiRedmi5_J
145,150,1,HuaweiHonor9_R,HuaweiHonor9_R
312,353,1,XiaomiRedmi5_J,XiaomiRedmi5_J
6,22,1,XiaomiRedmi4_B,XiaomiRedmi4_B
496,507,1,iPhoneXSMax_M,iPhoneXSMax_M
236,262,1,XiaomiRedmiNote7_S,XiaomiRedmiNote7_S
316,392,1,XiaomiRedmi5_J,XiaomiRedmi5_J
224,277,1,XiaomiRedmiNote7_S,XiaomiRedmiNote7_S
346,358,1,XiaomiRedmi5_J,XiaomiRedmi5_J
545,548,1,XiaomiA2_E,XiaomiA2_E
239,274,1,XiaomiRedmiNote7_S,XiaomiRedmiNote7_S
345,355,1,XiaomiRedmi5_J,XiaomiRedmi5_J
426,448,1,XiaomiRedmiNote9S_T,XiaomiRedmiNote9S_T
130,139,1,GooglePixel3A_L,GooglePixel3A_L
500,503,1,iPhoneXSMax_M,iPhoneXSMax_M
51,54,1,iPhoneXR_L,iPhoneXR_L
316,379,1,XiaomiRedmi5_J,XiaomiRedmi5_J
528,557,1,XiaomiA2_E,XiaomiA2_E
418,459,1,XiaomiRedmiNote9S_T,XiaomiRedmiNote9S_T
246,267,1,XiaomiRedmiNote7_S,XiaomiRedmiNote7_S
409,436,1,XiaomiRedmiNote9S_T,XiaomiRedmiNote9S_T
325,338,1,XiaomiRedmi5_J,XiaomiRedmi5_J
106,117,1,GooglePixel3A_L,GooglePixel3A_L
506,513,1,iPhoneXSMax_M,iPhoneXSMax_M
280,283,1,XiaomiRedmiNote7_S,XiaomiRedmiNote7_S
67,69,1,iPhoneXR_L,iPhoneXR_L
118,138,1,GooglePixel3A_L,GooglePixel3A_L
63,64,1,iPhoneXR_L,iPhoneXR_L
345,386,1,XiaomiRedmi5_J,XiaomiRedmi5_J
315,320,1,XiaomiRedmi5_J,XiaomiRedmi5_J
338,382,1,XiaomiRedmi5_J,XiaomiRedmi5_J
494,495,1,iPhoneXSMax_M,iPhoneXSMax_M
52,92,1,iPhoneXR_L,iPhoneXR_L
221,242,1,XiaomiRedmiNote7_S,XiaomiRedmiNote7_S
527,562,1,XiaomiA2_E,XiaomiA2_E
348,375,1,XiaomiRedmi5_J,XiaomiRedmi5_J
231,261,1,XiaomiRedmiNote7_S,XiaomiRedmiNote7_S
393,402,1,SamsungM31_A,SamsungM31_A
494,501,1,iPhoneXSMax_M,iPhoneXSMax_M
63,79,1,iPhoneXR_L,iPhoneXR_L
424,426,1,XiaomiRedmiNote9S_T,XiaomiRedmiNote9S_T
467,489,1,OnePlusNord_O,OnePlusNord_O
645,658,1,iPhone12_W,iPhone12_W
356,360,1,XiaomiRedmi5_J,XiaomiRedmi5_J
288,290,1,XiaomiRedmiNote7_S,XiaomiRedmiNote7_S
334,381,1,XiaomiRedmi5_J,XiaomiRedmi5_J
17,22,1,XiaomiRedmi4_B,XiaomiRedmi4_B
148,165,1,HuaweiHonor9_R,HuaweiHonor9_R
432,433,1,XiaomiRedmiNote9S_T,XiaomiRedmiNote9S_T
437,439,1,XiaomiRedmiNote9S_T,XiaomiRedmiNote9S_T
229,232,1,XiaomiRedmiNote7_S,XiaomiRedmiNote7_S
356,388,1,XiaomiRedmi5_J,XiaomiRedmi5_J
531,561,1,XiaomiA2_E,XiaomiA2_E
19,47,1,XiaomiRedmi4_B,XiaomiRedmi4_B
275,281,1,XiaomiRedmiNote7_S,XiaomiRedmiNote7_S
311,331,1,XiaomiRedmi5_J,XiaomiRedmi5_J
326,334,1,XiaomiRedmi5_J,XiaomiRedmi5_J
164,184,1,HuaweiHonor9_R,HuaweiHonor9_R
313,388,1,XiaomiRedmi5_J,XiaomiRedmi5_J
11,17,1,XiaomiRedmi4_B,XiaomiRedmi4_B
400,401,1,SamsungM31_A,SamsungM31_A
413,463,1,XiaomiRedmiNote9S_T,XiaomiRedmiNote9S_T
26,34,1,XiaomiRedmi4_B,XiaomiRedmi4_B
324,352,1,XiaomiRedmi5_J,XiaomiRedmi5_J
118,120,1,GooglePixel3A_L,GooglePixel3A_L
414,451,1,XiaomiRedmiNote9S_T,XiaomiRedmiNote9S_T
29,45,1,XiaomiRedmi4_B,XiaomiRedmi4_B
141,155,1,HuaweiHonor9_R,HuaweiHonor9_R
443,445,1,XiaomiRedmiNote9S_T,XiaomiRedmiNote9S_T
507,524,1,iPhoneXSMax_M,iPhoneXSMax_M
237,259,1,XiaomiRedmiNote7_S,XiaomiRedmiNote7_S
317,322,1,XiaomiRedmi5_J,XiaomiRedmi5_J
67,71,1,iPhoneXR_L,iPhoneXR_L
105,129,1,GooglePixel3A_L,GooglePixel3A_L
501,502,1,iPhoneXSMax_M,iPhoneXSMax_M
167,181,1,HuaweiHonor9_R,HuaweiHonor9_R
703,707,1,GooglePixel3A_V,GooglePixel3A_V
128,137,1,GooglePixel3A_L,GooglePixel3A_L
235,291,1,XiaomiRedmiNote7_S,XiaomiRedmiNote7_S
211,213,1,OppoFindX3Neo_A,OppoFindX3Neo_A
28,33,1,XiaomiRedmi4_B,XiaomiRedmi4_B
419,447,1,XiaomiRedmiNote9S_T,XiaomiRedmiNote9S_T
322,340,1,XiaomiRedmi5_J,XiaomiRedmi5_J
247,256,1,XiaomiRedmiNote7_S,XiaomiRedmiNote7_S
672,677,1,iPhone12_M,iPhone12_M
350,379,1,XiaomiRedmi5_J,XiaomiRedmi5_J
317,356,1,XiaomiRedmi5_J,XiaomiRedmi5_J
74,100,1,iPhoneXR_L,iPhoneXR_L
575,587,1,iPhone11_M,iPhone11_M
292,295,1,XiaomiRedmiNote7_S,XiaomiRedmiNote7_S
52,103,1,iPhoneXR_L,iPhoneXR_L
528,550,1,XiaomiA2_E,XiaomiA2_E
353,361,1,XiaomiRedmi5_J,XiaomiRedmi5_J
582,596,1,iPhone11_M,iPhone11_M
587,605,1,iPhone11_M,iPhone11_M
506,521,1,iPhoneXSMax_M,iPhoneXSMax_M
475,491,1,OnePlusNord_O,OnePlusNord_O
289,292,1,XiaomiRedmiNote7_S,XiaomiRedmiNote7_S
331,349,1,XiaomiRedmi5_J,XiaomiRedmi5_J
8,11,1,XiaomiRedmi4_B,XiaomiRedmi4_B
141,173,1,HuaweiHonor9_R,HuaweiHonor9_R
424,440,1,XiaomiRedmiNote9S_T,XiaomiRedmiNote9S_T
607,612,1,iPhone6_N,iPhone6_N
327,349,1,XiaomiRedmi5_J,XiaomiRedmi5_J
172,190,1,HuaweiHonor9_R,HuaweiHonor9_R
338,346,1,XiaomiRedmi5_J,XiaomiRedmi5_J
257,290,1,XiaomiRedmiNote7_S,XiaomiRedmiNote7_S
221,255,1,XiaomiRedmiNote7_S,XiaomiRedmiNote7_S
363,369,1,XiaomiRedmi5_J,XiaomiRedmi5_J
406,421,1,XiaomiRedmiNote9S_T,XiaomiRedmiNote9S_T
428,439,1,XiaomiRedmiNote9S_T,XiaomiRedmiNote9S_T
35,38,1,XiaomiRedmi4_B,XiaomiRedmi4_B
229,255,1,XiaomiRedmiNote7_S,XiaomiRedmiNote7_S
40,41,1,XiaomiRedmi4_B,XiaomiRedmi4_B
324,336,1,XiaomiRedmi5_J,XiaomiRedmi5_J
1,11,1,XiaomiRedmi4_B,XiaomiRedmi4_B
3,32,1,XiaomiRedmi4_B,XiaomiRedmi4_B
319,321,1,XiaomiRedmi5_J,XiaomiRedmi5_J
86,96,1,iPhoneXR_L,iPhoneXR_L
259,278,1,XiaomiRedmiNote7_S,XiaomiRedmiNote7_S
344,374,1,XiaomiRedmi5_J,XiaomiRedmi5_J
422,436,1,XiaomiRedmiNote9S_T,XiaomiRedmiNote9S_T
333,386,1,XiaomiRedmi5_J,XiaomiRedmi5_J
250,268,1,XiaomiRedmiNote7_S,XiaomiRedmiNote7_S
241,277,1,XiaomiRedmiNote7_S,XiaomiRedmiNote7_S
178,189,1,HuaweiHonor9_R,HuaweiHonor9_R
249,284,1,XiaomiRedmiNote7_S,XiaomiRedmiNote7_S
222,226,1,XiaomiRedmiNote7_S,XiaomiRedmiNote7_S
339,371,1,XiaomiRedmi5_J,XiaomiRedmi5_J
456,463,1,XiaomiRedmiNote9S_T,XiaomiRedmiNote9S_T
542,543,1,XiaomiA2_E,XiaomiA2_E
223,226,1,XiaomiRedmiNote7_S,XiaomiRedmiNote7_S
343,347,1,XiaomiRedmi5_J,XiaomiRedmi5_J
109,127,1,GooglePixel3A_L,GooglePixel3A_L
311,379,1,XiaomiRedmi5_J,XiaomiRedmi5_J
261,287,1,XiaomiRedmiNote7_S,XiaomiRedmiNote7_S
234,235,1,XiaomiRedmiNote7_S,XiaomiRedmiNote7_S
380,391,1,XiaomiRedmi5_J,XiaomiRedmi5_J
123,138,1,GooglePixel3A_L,GooglePixel3A_L
223,254,1,XiaomiRedmiNote7_S,XiaomiRedmiNote7_S
322,324,1,XiaomiRedmi5_J,XiaomiRedmi5_J
231,252,1,XiaomiRedmiNote7_S,XiaomiRedmiNote7_S
69,70,1,iPhoneXR_L,iPhoneXR_L
263,276,1,XiaomiRedmiNote7_S,XiaomiRedmiNote7_S
312,344,1,XiaomiRedmi5_J,XiaomiRedmi5_J
61,77,1,iPhoneXR_L,iPhoneXR_L
276,277,1,XiaomiRedmiNote7_S,XiaomiRedmiNote7_S
277,284,1,XiaomiRedmiNote7_S,XiaomiRedmiNote7_S
270,294,1,XiaomiRedmiNote7_S,XiaomiRedmiNote7_S
537,563,1,XiaomiA2_E,XiaomiA2_E
229,231,1,XiaomiRedmiNote7_S,XiaomiRedmiNote7_S
88,92,1,iPhoneXR_L,iPhoneXR_L
353,358,1,XiaomiRedmi5_J,XiaomiRedmi5_J
223,238,1,XiaomiRedmiNote7_S,XiaomiRedmiNote7_S
549,565,1,XiaomiA2_E,XiaomiA2_E
331,354,1,XiaomiRedmi5_J,XiaomiRedmi5_J
239,241,1,XiaomiRedmiNote7_S,XiaomiRedmiNote7_S
155,183,1,HuaweiHonor9_R,HuaweiHonor9_R
68,102,1,iPhoneXR_L,iPhoneXR_L
240,278,1,XiaomiRedmiNote7_S,XiaomiRedmiNote7_S
465,478,1,OnePlusNord_O,OnePlusNord_O
530,535,1,XiaomiA2_E,XiaomiA2_E
232,286,1,XiaomiRedmiNote7_S,XiaomiRedmiNote7_S
268,283,1,XiaomiRedmiNote7_S,XiaomiRedmiNote7_S
80,84,1,iPhoneXR_L,iPhoneXR_L
10,42,1,XiaomiRedmi4_B,XiaomiRedmi4_B
232,280,1,XiaomiRedmiNote7_S,XiaomiRedmiNote7_S
161,173,1,HuaweiHonor9_R,HuaweiHonor9_R
635,636,1,iPhone6_N,iPhone6_N
433,458,1,XiaomiRedmiNote9S_T,XiaomiRedmiNote9S_T
155,172,1,HuaweiHonor9_R,HuaweiHonor9_R
717,726,1,iPhone7_F,iPhone7_F
223,289,1,XiaomiRedmiNote7_S,XiaomiRedmiNote7_S
322,358,1,XiaomiRedmi5_J,XiaomiRedmi5_J
88,95,1,iPhoneXR_L,iPhoneXR_L
64,82,1,iPhoneXR_L,iPhoneXR_L
347,354,1,XiaomiRedmi5_J,XiaomiRedmi5_J
78,91,1,iPhoneXR_L,iPhoneXR_L
56,63,1,iPhoneXR_L,iPhoneXR_L
54,78,1,iPhoneXR_L,iPhoneXR_L
221,296,1,XiaomiRedmiNote7_S,XiaomiRedmiNote7_S
229,251,1,XiaomiRedmiNote7_S,XiaomiRedmiNote7_S
312,325,1,XiaomiRedmi5_J,XiaomiRedmi5_J
579,580,1,iPhone11_M,iPhone11_M
67,86,1,iPhoneXR_L,iPhoneXR_L
329,344,1,XiaomiRedmi5_J,XiaomiRedmi5_J
502,513,1,iPhoneXSMax_M,iPhoneXSMax_M
56,98,1,iPhoneXR_L,iPhoneXR_L
223,240,1,XiaomiRedmiNote7_S,XiaomiRedmiNote7_S
136,140,1,GooglePixel3A_L,GooglePixel3A_L
314,365,1,XiaomiRedmi5_J,XiaomiRedmi5_J
177,182,1,HuaweiHonor9_R,HuaweiHonor9_R
51,73,1,iPhoneXR_L,iPhoneXR_L
157,168,1,HuaweiHonor9_R,HuaweiHonor9_R
350,390,1,XiaomiRedmi5_J,XiaomiRedmi5_J
63,66,1,iPhoneXR_L,iPhoneXR_L
579,599,1,iPhone11_M,iPhone11_M
512,518,1,iPhoneXSMax_M,iPhoneXSMax_M
19,33,1,XiaomiRedmi4_B,XiaomiRedmi4_B
548,565,1,XiaomiA2_E,XiaomiA2_E
221,238,1,XiaomiRedmiNote7_S,XiaomiRedmiNote7_S
342,343,1,XiaomiRedmi5_J,XiaomiRedmi5_J
410,440,1,XiaomiRedmiNote9S_T,XiaomiRedmiNote9S_T
261,292,1,XiaomiRedmiNote7_S,XiaomiRedmiNote7_S
405,448,1,XiaomiRedmiNote9S_T,XiaomiRedmiNote9S_T
117,118,1,GooglePixel3A_L,GooglePixel3A_L
51,68,1,iPhoneXR_L,iPhoneXR_L
407,409,1,XiaomiRedmiNote9S_T,XiaomiRedmiNote9S_T
264,276,1,XiaomiRedmiNote7_S,XiaomiRedmiNote7_S
146,158,1,HuaweiHonor9_R,HuaweiHonor9_R
486,491,1,OnePlusNord_O,OnePlusNord_O
71,100,1,iPhoneXR_L,iPhoneXR_L
229,278,1,XiaomiRedmiNote7_S,XiaomiRedmiNote7_S
411,432,1,XiaomiRedmiNote9S_T,XiaomiRedmiNote9S_T
163,178,1,HuaweiHonor9_R,HuaweiHonor9_R
332,360,1,XiaomiRedmi5_J,XiaomiRedmi5_J
110,140,1,GooglePixel3A_L,GooglePixel3A_L
14,42,1,XiaomiRedmi4_B,XiaomiRedmi4_B
423,434,1,XiaomiRedmiNote9S_T,XiaomiRedmiNote9S_T
68,71,1,iPhoneXR_L,iPhoneXR_L
110,111,1,GooglePixel3A_L,GooglePixel3A_L
318,367,1,XiaomiRedmi5_J,XiaomiRedmi5_J
6,14,1,XiaomiRedmi4_B,XiaomiRedmi4_B
346,350,1,XiaomiRedmi5_J,XiaomiRedmi5_J
285,292,1,XiaomiRedmiNote7_S,XiaomiRedmiNote7_S
68,89,1,iPhoneXR_L,iPhoneXR_L
52,56,1,iPhoneXR_L,iPhoneXR_L
422,448,1,XiaomiRedmiNote9S_T,XiaomiRedmiNote9S_T
645,648,1,iPhone12_W,iPhone12_W
300,309,1,iPhoneXR_U,iPhoneXR_U
282,292,1,XiaomiRedmiNote7_S,XiaomiRedmiNote7_S
548,552,1,XiaomiA2_E,XiaomiA2_E
232,241,1,XiaomiRedmiNote7_S,XiaomiRedmiNote7_S
345,358,1,XiaomiRedmi5_J,XiaomiRedmi5_J
159,189,1,HuaweiHonor9_R,HuaweiHonor9_R
307,309,1,iPhoneXR_U,iPhoneXR_U
258,290,1,XiaomiRedmiNote7_S,XiaomiRedmiNote7_S
180,190,1,HuaweiHonor9_R,HuaweiHonor9_R
108,122,1,GooglePixel3A_L,GooglePixel3A_L
383,385,1,XiaomiRedmi5_J,XiaomiRedmi5_J
323,325,1,XiaomiRedmi5_J,XiaomiRedmi5_J
193,202,1,SamsungS7_I,SamsungS7_I
334,365,1,XiaomiRedmi5_J,XiaomiRedmi5_J
6,12,1,XiaomiRedmi4_B,XiaomiRedmi4_B
595,596,1,iPhone11_M,iPhone11_M
427,446,1,XiaomiRedmiNote9S_T,XiaomiRedmiNote9S_T
231,259,1,XiaomiRedmiNote7_S,XiaomiRedmiNote7_S
235,277,1,XiaomiRedmiNote7_S,XiaomiRedmiNote7_S
267,292,1,XiaomiRedmiNote7_S,XiaomiRedmiNote7_S
241,269,1,XiaomiRedmiNote7_S,XiaomiRedmiNote7_S
438,453,1,XiaomiRedmiNote9S_T,XiaomiRedmiNote9S_T
417,456,1,XiaomiRedmiNote9S_T,XiaomiRedmiNote9S_T
369,382,1,XiaomiRedmi5_J,XiaomiRedmi5_J
542,562,1,XiaomiA2_E,XiaomiA2_E
455,460,1,XiaomiRedmiNote9S_T,XiaomiRedmiNote9S_T
546,562,1,XiaomiA2_E,XiaomiA2_E
333,344,1,XiaomiRedmi5_J,XiaomiRedmi5_J
448,452,1,XiaomiRedmiNote9S_T,XiaomiRedmiNote9S_T
222,264,1,XiaomiRedmiNote7_S,XiaomiRedmiNote7_S
417,433,1,XiaomiRedmiNote9S_T,XiaomiRedmiNote9S_T
57,81,1,iPhoneXR_L,iPhoneXR_L
227,240,1,XiaomiRedmiNote7_S,XiaomiRedmiNote7_S
69,83,1,iPhoneXR_L,iPhoneXR_L
25,41,1,XiaomiRedmi4_B,XiaomiRedmi4_B
70,99,1,iPhoneXR_L,iPhoneXR_L
228,296,1,XiaomiRedmiNote7_S,XiaomiRedmiNote7_S
368,377,1,XiaomiRedmi5_J,XiaomiRedmi5_J
596,604,1,iPhone11_M,iPhone11_M
270,276,1,XiaomiRedmiNote7_S,XiaomiRedmiNote7_S
264,265,1,XiaomiRedmiNote7_S,XiaomiRedmiNote7_S
730,731,1,iPhone7_F,iPhone7_F
276,279,1,XiaomiRedmiNote7_S,XiaomiRedmiNote7_S
266,283,1,XiaomiRedmiNote7_S,XiaomiRedmiNote7_S
227,235,1,XiaomiRedmiNote7_S,XiaomiRedmiNote7_S
11,31,1,XiaomiRedmi4_B,XiaomiRedmi4_B
88,93,1,iPhoneXR_L,iPhoneXR_L
719,727,1,iPhone7_F,iPhone7_F
345,392,1,XiaomiRedmi5_J,XiaomiRedmi5_J
276,281,1,XiaomiRedmiNote7_S,XiaomiRedmiNote7_S
358,363,1,XiaomiRedmi5_J,XiaomiRedmi5_J
473,477,1,OnePlusNord_O,OnePlusNord_O
377,383,1,XiaomiRedmi5_J,XiaomiRedmi5_J
321,362,1,XiaomiRedmi5_J,XiaomiRedmi5_J
587,596,1,iPhone11_M,iPhone11_M
406,417,1,XiaomiRedmiNote9S_T,XiaomiRedmiNote9S_T
228,266,1,XiaomiRedmiNote7_S,XiaomiRedmiNote7_S
87,104,1,iPhoneXR_L,iPhoneXR_L
540,562,1,XiaomiA2_E,XiaomiA2_E
683,699,1,SamsungJ6_K,SamsungJ6_K
142,180,1,HuaweiHonor9_R,HuaweiHonor9_R
54,88,1,iPhoneXR_L,iPhoneXR_L
363,381,1,XiaomiRedmi5_J,XiaomiRedmi5_J
360,390,1,XiaomiRedmi5_J,XiaomiRedmi5_J
318,345,1,XiaomiRedmi5_J,XiaomiRedmi5_J
141,146,1,HuaweiHonor9_R,HuaweiHonor9_R
4,43,1,XiaomiRedmi4_B,XiaomiRedmi4_B
509,510,1,iPhoneXSMax_M,iPhoneXSMax_M
242,273,1,XiaomiRedmiNote7_S,XiaomiRedmiNote7_S
316,366,1,XiaomiRedmi5_J,XiaomiRedmi5_J
387,389,1,XiaomiRedmi5_J,XiaomiRedmi5_J
238,251,1,XiaomiRedmiNote7_S,XiaomiRedmiNote7_S
150,155,1,HuaweiHonor9_R,HuaweiHonor9_R
528,566,1,XiaomiA2_E,XiaomiA2_E
157,170,1,HuaweiHonor9_R,HuaweiHonor9_R
73,74,1,iPhoneXR_L,iPhoneXR_L
573,594,1,iPhone11_M,iPhone11_M
3,44,1,XiaomiRedmi4_B,XiaomiRedmi4_B
585,596,1,iPhone11_M,iPhone11_M
703,709,1,GooglePixel3A_V,GooglePixel3A_V
413,458,1,XiaomiRedmiNote9S_T,XiaomiRedmiNote9S_T
105,107,1,GooglePixel3A_L,GooglePixel3A_L
447,453,1,XiaomiRedmiNote9S_T,XiaomiRedmiNote9S_T
255,293,1,XiaomiRedmiNote7_S,XiaomiRedmiNote7_S
23,39,1,XiaomiRedmi4_B,XiaomiRedmi4_B
322,347,1,XiaomiRedmi5_J,XiaomiRedmi5_J
234,248,1,XiaomiRedmiNote7_S,XiaomiRedmiNote7_S
465,482,1,OnePlusNord_O,OnePlusNord_O
246,263,1,XiaomiRedmiNote7_S,XiaomiRedmiNote7_S
412,417,1,XiaomiRedmiNote9S_T,XiaomiRedmiNote9S_T
585,593,1,iPhone11_M,iPhone11_M
151,165,1,HuaweiHonor9_R,HuaweiHonor9_R
427,436,1,XiaomiRedmiNote9S_T,XiaomiRedmiNote9S_T
90,91,1,iPhoneXR_L,iPhoneXR_L
405,449,1,XiaomiRedmiNote9S_T,XiaomiRedmiNote9S_T
164,179,1,HuaweiHonor9_R,HuaweiHonor9_R
169,182,1,HuaweiHonor9_R,HuaweiHonor9_R
686,699,1,SamsungJ6_K,SamsungJ6_K
249,270,1,XiaomiRedmiNote7_S,XiaomiRedmiNote7_S
527,536,1,XiaomiA2_E,XiaomiA2_E
224,270,1,XiaomiRedmiNote7_S,XiaomiRedmiNote7_S
353,364,1,XiaomiRedmi5_J,XiaomiRedmi5_J
558,564,1,XiaomiA2_E,XiaomiA2_E
55,93,1,iPhoneXR_L,iPhoneXR_L
51,82,1,iPhoneXR_L,iPhoneXR_L
410,423,1,XiaomiRedmiNote9S_T,XiaomiRedmiNote9S_T
100,101,1,iPhoneXR_L,iPhoneXR_L
582,606,1,iPhone11_M,iPhone11_M
73,89,1,iPhoneXR_L,iPhoneXR_L
71,85,1,iPhoneXR_L,iPhoneXR_L
116,128,1,GooglePixel3A_L,GooglePixel3A_L
432,451,1,XiaomiRedmiNote9S_T,XiaomiRedmiNote9S_T
235,241,1,XiaomiRedmiNote7_S,XiaomiRedmiNote7_S
269,281,1,XiaomiRedmiNote7_S,XiaomiRedmiNote7_S
246,265,1,XiaomiRedmiNote7_S,XiaomiRedmiNote7_S
417,454,1,XiaomiRedmiNote9S_T,XiaomiRedmiNote9S_T
536,561,1,XiaomiA2_E,XiaomiA2_E
53,55,1,iPhoneXR_L,iPhoneXR_L
233,254,1,XiaomiRedmiNote7_S,XiaomiRedmiNote7_S
41,49,1,XiaomiRedmi4_B,XiaomiRedmi4_B
360,369,1,XiaomiRedmi5_J,XiaomiRedmi5_J
625,635,1,iPhone6_N,iPhone6_N
58,85,1,iPhoneXR_L,iPhoneXR_L
586,587,1,iPhone11_M,iPhone11_M
405,417,1,XiaomiRedmiNote9S_T,XiaomiRedmiNote9S_T
51,99,1,iPhoneXR_L,iPhoneXR_L
722,726,1,iPhone7_F,iPhone7_F
540,566,1,XiaomiA2_E,XiaomiA2_E
256,278,1,XiaomiRedmiNote7_S,XiaomiRedmiNote7_S
425,427,1,XiaomiRedmiNote9S_T,XiaomiRedmiNote9S_T
497,515,1,iPhoneXSMax_M,iPhoneXSMax_M
407,438,1,XiaomiRedmiNote9S_T,XiaomiRedmiNote9S_T
211,215,1,OppoFindX3Neo_A,OppoFindX3Neo_A
702,703,1,GooglePixel3A_V,GooglePixel3A_V
130,131,1,GooglePixel3A_L,GooglePixel3A_L
71,96,1,iPhoneXR_L,iPhoneXR_L
372,384,1,XiaomiRedmi5_J,XiaomiRedmi5_J
337,372,1,XiaomiRedmi5_J,XiaomiRedmi5_J
70,86,1,iPhoneXR_L,iPhoneXR_L
233,249,1,XiaomiRedmiNote7_S,XiaomiRedmiNote7_S
465,481,1,OnePlusNord_O,OnePlusNord_O
367,375,1,XiaomiRedmi5_J,XiaomiRedmi5_J
381,389,1,XiaomiRedmi5_J,XiaomiRedmi5_J
21,48,1,XiaomiRedmi4_B,XiaomiRedmi4_B
224,272,1,XiaomiRedmiNote7_S,XiaomiRedmiNote7_S
581,595,1,iPhone11_M,iPhone11_M
223,292,1,XiaomiRedmiNote7_S,XiaomiRedmiNote7_S
592,594,1,iPhone11_M,iPhone11_M
316,387,1,XiaomiRedmi5_J,XiaomiRedmi5_J
316,342,1,XiaomiRedmi5_J,XiaomiRedmi5_J
184,186,1,HuaweiHonor9_R,HuaweiHonor9_R
58,68,1,iPhoneXR_L,iPhoneXR_L
154,182,1,HuaweiHonor9_R,HuaweiHonor9_R
673,679,1,iPhone12_M,iPhone12_M
322,328,1,XiaomiRedmi5_J,XiaomiRedmi5_J
23,48,1,XiaomiRedmi4_B,XiaomiRedmi4_B
142,174,1,HuaweiHonor9_R,HuaweiHonor9_R
163,188,1,HuaweiHonor9_R,HuaweiHonor9_R
73,100,1,iPhoneXR_L,iPhoneXR_L
149,154,1,HuaweiHonor9_R,HuaweiHonor9_R
570,571,1,iPhone11_M,iPhone11_M
85,87,1,iPhoneXR_L,iPhoneXR_L
336,384,1,XiaomiRedmi5_J,XiaomiRedmi5_J
147,169,1,HuaweiHonor9_R,HuaweiHonor9_R
142,157,1,HuaweiHonor9_R,HuaweiHonor9_R
329,385,1,XiaomiRedmi5_J,XiaomiRedmi5_J
314,381,1,XiaomiRedmi5_J,XiaomiRedmi5_J
427,459,1,XiaomiRedmiNote9S_T,XiaomiRedmiNote9S_T
267,271,1,XiaomiRedmiNote7_S,XiaomiRedmiNote7_S
587,592,1,iPhone11_M,iPhone11_M
111,134,1,GooglePixel3A_L,GooglePixel3A_L
76,100,1,iPhoneXR_L,iPhoneXR_L
54,81,1,iPhoneXR_L,iPhoneXR_L
572,586,1,iPhone11_M,iPhone11_M
51,102,1,iPhoneXR_L,iPhoneXR_L
142,153,1,HuaweiHonor9_R,HuaweiHonor9_R
150,156,1,HuaweiHonor9_R,HuaweiHonor9_R
576,601,1,iPhone11_M,iPhone11_M
257,281,1,XiaomiRedmiNote7_S,XiaomiRedmiNote7_S
351,373,1,XiaomiRedmi5_J,XiaomiRedmi5_J
431,436,1,XiaomiRedmiNote9S_T,XiaomiRedmiNote9S_T
248,278,1,XiaomiRedmiNote7_S,XiaomiRedmiNote7_S
90,95,1,iPhoneXR_L,iPhoneXR_L
274,277,1,XiaomiRedmiNote7_S,XiaomiRedmiNote7_S
70,77,1,iPhoneXR_L,iPhoneXR_L
87,103,1,iPhoneXR_L,iPhoneXR_L
342,345,1,XiaomiRedmi5_J,XiaomiRedmi5_J
340,358,1,XiaomiRedmi5_J,XiaomiRedmi5_J
268,285,1,XiaomiRedmiNote7_S,XiaomiRedmiNote7_S
428,437,1,XiaomiRedmiNote9S_T,XiaomiRedmiNote9S_T
336,383,1,XiaomiRedmi5_J,XiaomiRedmi5_J
359,379,1,XiaomiRedmi5_J,XiaomiRedmi5_J
337,383,1,XiaomiRedmi5_J,XiaomiRedmi5_J
145,153,1,HuaweiHonor9_R,HuaweiHonor9_R
230,248,1,XiaomiRedmiNote7_S,XiaomiRedmiNote7_S
690,698,1,SamsungJ6_K,SamsungJ6_K
128,140,1,GooglePixel3A_L,GooglePixel3A_L
447,448,1,XiaomiRedmiNote9S_T,XiaomiRedmiNote9S_T
639,644,1,iPhone11_B,iPhone11_B
568,577,1,iPhone11_M,iPhone11_M
167,168,1,HuaweiHonor9_R,HuaweiHonor9_R
324,330,1,XiaomiRedmi5_J,XiaomiRedmi5_J
195,199,1,SamsungS7_I,SamsungS7_I
241,290,1,XiaomiRedmiNote7_S,XiaomiRedmiNote7_S
475,486,1,OnePlusNord_O,OnePlusNord_O
4,14,1,XiaomiRedmi4_B,XiaomiRedmi4_B
670,679,1,iPhone12_M,iPhone12_M
347,359,1,XiaomiRedmi5_J,XiaomiRedmi5_J
6,10,1,XiaomiRedmi4_B,XiaomiRedmi4_B
527,540,1,XiaomiA2_E,XiaomiA2_E
406,455,1,XiaomiRedmiNote9S_T,XiaomiRedmiNote9S_T
701,707,1,GooglePixel3A_V,GooglePixel3A_V
327,352,1,XiaomiRedmi5_J,XiaomiRedmi5_J
335,363,1,XiaomiRedmi5_J,XiaomiRedmi5_J
243,269,1,XiaomiRedmiNote7_S,XiaomiRedmiNote7_S
341,368,1,XiaomiRedmi5_J,XiaomiRedmi5_J
507,508,1,iPhoneXSMax_M,iPhoneXSMax_M
333,363,1,XiaomiRedmi5_J,XiaomiRedmi5_J
221,290,1,XiaomiRedmiNote7_S,XiaomiRedmiNote7_S
196,210,1,SamsungS7_I,SamsungS7_I
2,49,1,XiaomiRedmi4_B,XiaomiRedmi4_B
328,341,1,XiaomiRedmi5_J,XiaomiRedmi5_J
311,372,1,XiaomiRedmi5_J,XiaomiRedmi5_J
615,634,1,iPhone6_N,iPhone6_N
329,374,1,XiaomiRedmi5_J,XiaomiRedmi5_J
254,288,1,XiaomiRedmiNote7_S,XiaomiRedmiNote7_S
652,656,1,iPhone12_W,iPhone12_W
31,41,1,XiaomiRedmi4_B,XiaomiRedmi4_B
465,476,1,OnePlusNord_O,OnePlusNord_O
318,383,1,XiaomiRedmi5_J,XiaomiRedmi5_J
419,425,1,XiaomiRedmiNote9S_T,XiaomiRedmiNote9S_T
223,275,1,XiaomiRedmiNote7_S,XiaomiRedmiNote7_S
499,502,1,iPhoneXSMax_M,iPhoneXSMax_M
105,116,1,GooglePixel3A_L,GooglePixel3A_L
450,456,1,XiaomiRedmiNote9S_T,XiaomiRedmiNote9S_T
55,79,1,iPhoneXR_L,iPhoneXR_L
338,389,1,XiaomiRedmi5_J,XiaomiRedmi5_J
255,274,1,XiaomiRedmiNote7_S,XiaomiRedmiNote7_S
242,246,1,XiaomiRedmiNote7_S,XiaomiRedmiNote7_S
703,704,1,GooglePixel3A_V,GooglePixel3A_V
155,175,1,HuaweiHonor9_R,HuaweiHonor9_R
74,94,1,iPhoneXR_L,iPhoneXR_L
434,449,1,XiaomiRedmiNote9S_T,XiaomiRedmiNote9S_T
335,372,1,XiaomiRedmi5_J,XiaomiRedmi5_J
410,445,1,XiaomiRedmiNote9S_T,XiaomiRedmiNote9S_T
159,165,1,HuaweiHonor9_R,HuaweiHonor9_R
272,279,1,XiaomiRedmiNote7_S,XiaomiRedmiNote7_S
200,203,1,SamsungS7_I,SamsungS7_I
662,665,1,iPhone12_M,iPhone12_M
555,560,1,XiaomiA2_E,XiaomiA2_E
192,195,1,SamsungS7_I,SamsungS7_I
446,453,1,XiaomiRedmiNote9S_T,XiaomiRedmiNote9S_T
574,589,1,iPhone11_M,iPhone11_M
423,438,1,XiaomiRedmiNote9S_T,XiaomiRedmiNote9S_T
232,234,1,XiaomiRedmiNote7_S,XiaomiRedmiNote7_S
537,543,1,XiaomiA2_E,XiaomiA2_E
36,47,1,XiaomiRedmi4_B,XiaomiRedmi4_B
506,508,1,iPhoneXSMax_M,iPhoneXSMax_M
12,37,1,XiaomiRedmi4_B,XiaomiRedmi4_B
52,62,1,iPhoneXR_L,iPhoneXR_L
246,266,1,XiaomiRedmiNote7_S,XiaomiRedmiNote7_S
455,506,-1,XiaomiRedmiNote9S_T,iPhoneXSMax_M
160,338,-1,HuaweiHonor9_R,XiaomiRedmi5_J
190,433,-1,HuaweiHonor9_R,XiaomiRedmiNote9S_T
594,622,-1,iPhone11_M,iPhone6_N
373,588,-1,XiaomiRedmi5_J,iPhone11_M
374,517,-1,XiaomiRedmi5_J,iPhoneXSMax_M
252,333,-1,XiaomiRedmiNote7_S,XiaomiRedmi5_J
12,606,-1,XiaomiRedmi4_B,iPhone11_M
54,407,-1,iPhoneXR_L,XiaomiRedmiNote9S_T
616,689,-1,iPhone6_N,SamsungJ6_K
116,525,-1,GooglePixel3A_L,iPhoneXSMax_M
18,571,-1,XiaomiRedmi4_B,iPhone11_M
271,398,-1,XiaomiRedmiNote7_S,SamsungM31_A
165,247,-1,HuaweiHonor9_R,XiaomiRedmiNote7_S
178,297,-1,HuaweiHonor9_R,iPhoneXR_U
384,598,-1,XiaomiRedmi5_J,iPhone11_M
35,712,-1,XiaomiRedmi4_B,GooglePixel3A_V
118,146,-1,GooglePixel3A_L,HuaweiHonor9_R
523,536,-1,iPhoneXSMax_M,XiaomiA2_E
276,308,-1,XiaomiRedmiNote7_S,iPhoneXR_U
207,564,-1,SamsungS7_I,XiaomiA2_E
420,573,-1,XiaomiRedmiNote9S_T,iPhone11_M
509,606,-1,iPhoneXSMax_M,iPhone11_M
489,630,-1,OnePlusNord_O,iPhone6_N
101,712,-1,iPhoneXR_L,GooglePixel3A_V
387,603,-1,XiaomiRedmi5_J,iPhone11_M
374,644,-1,XiaomiRedmi5_J,iPhone11_B
416,702,-1,XiaomiRedmiNote9S_T,GooglePixel3A_V
440,503,-1,XiaomiRedmiNote9S_T,iPhoneXSMax_M
282,385,-1,XiaomiRedmiNote7_S,XiaomiRedmi5_J
158,613,-1,HuaweiHonor9_R,iPhone6_N
158,384,-1,HuaweiHonor9_R,XiaomiRedmi5_J
7,657,-1,XiaomiRedmi4_B,iPhone12_W
78,550,-1,iPhoneXR_L,XiaomiA2_E
288,573,-1,XiaomiRedmiNote7_S,iPhone11_M
390,618,-1,XiaomiRedmi5_J,iPhone6_N
287,531,-1,XiaomiRedmiNote7_S,XiaomiA2_E
571,678,-1,iPhone11_M,iPhone12_M
68,692,-1,iPhoneXR_L,SamsungJ6_K
373,448,-1,XiaomiRedmi5_J,XiaomiRedmiNote9S_T
530,727,-1,XiaomiA2_E,iPhone7_F
15,108,-1,XiaomiRedmi4_B,GooglePixel3A_L
79,273,-1,iPhoneXR_L,XiaomiRedmiNote7_S
60,147,-1,iPhoneXR_L,HuaweiHonor9_R
543,724,-1,XiaomiA2_E,iPhone7_F
472,688,-1,OnePlusNord_O,SamsungJ6_K
315,452,-1,XiaomiRedmi5_J,XiaomiRedmiNote9S_T
159,323,-1,HuaweiHonor9_R,XiaomiRedmi5_J
196,548,-1,SamsungS7_I,XiaomiA2_E
214,578,-1,OppoFindX3Neo_A,iPhone11_M
150,401,-1,HuaweiHonor9_R,SamsungM31_A
126,304,-1,GooglePixel3A_L,iPhoneXR_U
128,268,-1,GooglePixel3A_L,XiaomiRedmiNote7_S
198,450,-1,SamsungS7_I,XiaomiRedmiNote9S_T
162,249,-1,HuaweiHonor9_R,XiaomiRedmiNote7_S
386,541,-1,XiaomiRedmi5_J,XiaomiA2_E
66,593,-1,iPhoneXR_L,iPhone11_M
130,586,-1,GooglePixel3A_L,iPhone11_M
601,699,-1,iPhone11_M,SamsungJ6_K
341,692,-1,XiaomiRedmi5_J,SamsungJ6_K
50,711,-1,XiaomiRedmi4_B,GooglePixel3A_V
23,556,-1,XiaomiRedmi4_B,XiaomiA2_E
33,428,-1,XiaomiRedmi4_B,XiaomiRedmiNote9S_T
380,550,-1,XiaomiRedmi5_J,XiaomiA2_E
150,380,-1,HuaweiHonor9_R,XiaomiRedmi5_J
100,512,-1,iPhoneXR_L,iPhoneXSMax_M
70,435,-1,iPhoneXR_L,XiaomiRedmiNote9S_T
130,338,-1,GooglePixel3A_L,XiaomiRedmi5_J
197,715,-1,SamsungS7_I,iPhone7_F
23,231,-1,XiaomiRedmi4_B,XiaomiRedmiNote7_S
188,354,-1,HuaweiHonor9_R,XiaomiRedmi5_J
83,530,-1,iPhoneXR_L,XiaomiA2_E
42,102,-1,XiaomiRedmi4_B,iPhoneXR_L
102,280,-1,iPhoneXR_L,XiaomiRedmiNote7_S
258,459,-1,XiaomiRedmiNote7_S,XiaomiRedmiNote9S_T
512,643,-1,iPhoneXSMax_M,iPhone11_B
223,390,-1,XiaomiRedmiNote7_S,XiaomiRedmi5_J
27,186,-1,XiaomiRedmi4_B,HuaweiHonor9_R
42,251,-1,XiaomiRedmi4_B,XiaomiRedmiNote7_S
95,564,-1,iPhoneXR_L,XiaomiA2_E
495,624,-1,iPhoneXSMax_M,iPhone6_N
147,717,-1,HuaweiHonor9_R,iPhone7_F
462,643,-1,XiaomiRedmiNote9S_T,iPhone11_B
573,712,-1,iPhone11_M,GooglePixel3A_V
191,239,-1,SamsungS7_I,XiaomiRedmiNote7_S
329,716,-1,XiaomiRedmi5_J,iPhone7_F
73,369,-1,iPhoneXR_L,XiaomiRedmi5_J
374,581,-1,XiaomiRedmi5_J,iPhone11_M
427,656,-1,XiaomiRedmiNote9S_T,iPhone12_W
162,373,-1,HuaweiHonor9_R,XiaomiRedmi5_J
533,637,-1,XiaomiA2_E,iPhone11_B
279,309,-1,XiaomiRedmiNote7_S,iPhoneXR_U
375,439,-1,XiaomiRedmi5_J,XiaomiRedmiNote9S_T
210,420,-1,SamsungS7_I,XiaomiRedmiNote9S_T
40,503,-1,XiaomiRedmi4_B,iPhoneXSMax_M
257,698,-1,XiaomiRedmiNote7_S,SamsungJ6_K
226,488,-1,XiaomiRedmiNote7_S,OnePlusNord_O
154,535,-1,HuaweiHonor9_R,XiaomiA2_E
125,675,-1,GooglePixel3A_L,iPhone12_M
383,503,-1,XiaomiRedmi5_J,iPhoneXSMax_M
104,333,-1,iPhoneXR_L,XiaomiRedmi5_J
347,559,-1,XiaomiRedmi5_J,XiaomiA2_E
89,661,-1,iPhoneXR_L,iPhone12_M
54,680,-1,iPhoneXR_L,SamsungJ6_K
561,646,-1,XiaomiA2_E,iPhone12_W
99,268,-1,iPhoneXR_L,XiaomiRedmiNote7_S
241,418,-1,XiaomiRedmiNote7_S,XiaomiRedmiNote9S_T
3,595,-1,XiaomiRedmi4_B,iPhone11_M
281,624,-1,XiaomiRedmiNote7_S,iPhone6_N
12,618,-1,XiaomiRedmi4_B,iPhone6_N
247,353,-1,XiaomiRedmiNote7_S,XiaomiRedmi5_J
196,298,-1,SamsungS7_I,iPhoneXR_U
394,476,-1,SamsungM31_A,OnePlusNord_O
94,484,-1,iPhoneXR_L,OnePlusNord_O
578,639,-1,iPhone11_M,iPhone11_B
215,619,-1,OppoFindX3Neo_A,iPhone6_N
101,302,-1,iPhoneXR_L,iPhoneXR_U
43,413,-1,XiaomiRedmi4_B,XiaomiRedmiNote9S_T
433,573,-1,XiaomiRedmiNote9S_T,iPhone11_M
480,722,-1,OnePlusNord_O,iPhone7_F
250,654,-1,XiaomiRedmiNote7_S,iPhone12_W
40,67,-1,XiaomiRedmi4_B,iPhoneXR_L
245,327,-1,XiaomiRedmiNote7_S,XiaomiRedmi5_J
409,680,-1,XiaomiRedmiNote9S_T,SamsungJ6_K
191,509,-1,SamsungS7_I,iPhoneXSMax_M
390,564,-1,XiaomiRedmi5_J,XiaomiA2_E
75,550,-1,iPhoneXR_L,XiaomiA2_E
43,580,-1,XiaomiRedmi4_B,iPhone11_M
5,121,-1,XiaomiRedmi4_B,GooglePixel3A_L
134,393,-1,GooglePixel3A_L,SamsungM31_A
352,727,-1,XiaomiRedmi5_J,iPhone7_F
460,522,-1,XiaomiRedmiNote9S_T,iPhoneXSMax_M
47,83,-1,XiaomiRedmi4_B,iPhoneXR_L
354,420,-1,XiaomiRedmi5_J,XiaomiRedmiNote9S_T
482,689,-1,OnePlusNord_O,SamsungJ6_K
115,628,-1,GooglePixel3A_L,iPhone6_N
13,89,-1,XiaomiRedmi4_B,iPhoneXR_L
117,607,-1,GooglePixel3A_L,iPhone6_N
67,123,-1,iPhoneXR_L,GooglePixel3A_L
96,260,-1,iPhoneXR_L,XiaomiRedmiNote7_S
57,152,-1,iPhoneXR_L,HuaweiHonor9_R
345,570,-1,XiaomiRedmi5_J,iPhone11_M
366,611,-1,XiaomiRedmi5_J,iPhone6_N
87,555,-1,iPhoneXR_L,XiaomiA2_E
423,608,-1,XiaomiRedmiNote9S_T,iPhone6_N
570,730,-1,iPhone11_M,iPhone7_F
298,398,-1,iPhoneXR_U,SamsungM31_A
79,153,-1,iPhoneXR_L,HuaweiHonor9_R
274,514,-1,XiaomiRedmiNote7_S,iPhoneXSMax_M
360,656,-1,XiaomiRedmi5_J,iPhone12_W
81,680,-1,iPhoneXR_L,SamsungJ6_K
273,552,-1,XiaomiRedmiNote7_S,XiaomiA2_E
15,73,-1,XiaomiRedmi4_B,iPhoneXR_L
350,605,-1,XiaomiRedmi5_J,iPhone11_M
443,480,-1,XiaomiRedmiNote9S_T,OnePlusNord_O
215,639,-1,OppoFindX3Neo_A,iPhone11_B
430,580,-1,XiaomiRedmiNote9S_T,iPhone11_M
321,467,-1,XiaomiRedmi5_J,OnePlusNord_O
133,299,-1,GooglePixel3A_L,iPhoneXR_U
85,461,-1,iPhoneXR_L,XiaomiRedmiNote9S_T
18,730,-1,XiaomiRedmi4_B,iPhone7_F
627,662,-1,iPhone6_N,iPhone12_M
420,680,-1,XiaomiRedmiNote9S_T,SamsungJ6_K
45,395,-1,XiaomiRedmi4_B,SamsungM31_A
354,685,-1,XiaomiRedmi5_J,SamsungJ6_K
210,453,-1,SamsungS7_I,XiaomiRedmiNote9S_T
189,462,-1,HuaweiHonor9_R,XiaomiRedmiNote9S_T
35,129,-1,XiaomiRedmi4_B,GooglePixel3A_L
667,683,-1,iPhone12_M,SamsungJ6_K
642,672,-1,iPhone11_B,iPhone12_M
36,715,-1,XiaomiRedmi4_B,iPhone7_F
547,667,-1,XiaomiA2_E,iPhone12_M
28,461,-1,XiaomiRedmi4_B,XiaomiRedmiNote9S_T
486,585,-1,OnePlusNord_O,iPhone11_M
224,507,-1,XiaomiRedmiNote7_S,iPhoneXSMax_M
103,551,-1,iPhoneXR_L,XiaomiA2_E
76,365,-1,iPhoneXR_L,XiaomiRedmi5_J
353,682,-1,XiaomiRedmi5_J,SamsungJ6_K
374,665,-1,XiaomiRedmi5_J,iPhone12_M
294,357,-1,XiaomiRedmiNote7_S,XiaomiRedmi5_J
11,594,-1,XiaomiRedmi4_B,iPhone11_M
52,650,-1,iPhoneXR_L,iPhone12_W
82,410,-1,iPhoneXR_L,XiaomiRedmiNote9S_T
10,688,-1,XiaomiRedmi4_B,SamsungJ6_K
658,694,-1,iPhone12_W,SamsungJ6_K
535,584,-1,XiaomiA2_E,iPhone11_M
220,384,-1,OppoFindX3Neo_A,XiaomiRedmi5_J
374,431,-1,XiaomiRedmi5_J,XiaomiRedmiNote9S_T
192,506,-1,SamsungS7_I,iPhoneXSMax_M
533,717,-1,XiaomiA2_E,iPhone7_F
363,556,-1,XiaomiRedmi5_J,XiaomiA2_E
234,630,-1,XiaomiRedmiNote7_S,iPhone6_N
490,523,-1,OnePlusNord_O,iPhoneXSMax_M
20,345,-1,XiaomiRedmi4_B,XiaomiRedmi5_J
438,664,-1,XiaomiRedmiNote9S_T,iPhone12_M
144,645,-1,HuaweiHonor9_R,iPhone12_W
270,440,-1,XiaomiRedmiNote7_S,XiaomiRedmiNote9S_T
21,525,-1,XiaomiRedmi4_B,iPhoneXSMax_M
378,529,-1,XiaomiRedmi5_J,XiaomiA2_E
390,425,-1,XiaomiRedmi5_J,XiaomiRedmiNote9S_T
68,168,-1,iPhoneXR_L,HuaweiHonor9_R
91,133,-1,iPhoneXR_L,GooglePixel3A_L
125,334,-1,GooglePixel3A_L,XiaomiRedmi5_J
190,690,-1,HuaweiHonor9_R,SamsungJ6_K
409,614,-1,XiaomiRedmiNote9S_T,iPhone6_N
484,647,-1,OnePlusNord_O,iPhone12_W
424,530,-1,XiaomiRedmiNote9S_T,XiaomiA2_E
144,585,-1,HuaweiHonor9_R,iPhone11_M
246,310,-1,XiaomiRedmiNote7_S,XiaomiRedmi5_J
289,709,-1,XiaomiRedmiNote7_S,GooglePixel3A_V
172,561,-1,HuaweiHonor9_R,XiaomiA2_E
388,616,-1,XiaomiRedmi5_J,iPhone6_N
161,222,-1,HuaweiHonor9_R,XiaomiRedmiNote7_S
291,615,-1,XiaomiRedmiNote7_S,iPhone6_N
202,660,-1,SamsungS7_I,iPhone12_M
37,713,-1,XiaomiRedmi4_B,GooglePixel3A_V
134,362,-1,GooglePixel3A_L,XiaomiRedmi5_J
630,703,-1,iPhone6_N,GooglePixel3A_V
4,723,-1,XiaomiRedmi4_B,iPhone7_F
287,338,-1,XiaomiRedmiNote7_S,XiaomiRedmi5_J
475,579,-1,OnePlusNord_O,iPhone11_M
451,611,-1,XiaomiRedmiNote9S_T,iPhone6_N
29,174,-1,XiaomiRedmi4_B,HuaweiHonor9_R
670,698,-1,iPhone12_M,SamsungJ6_K
89,211,-1,iPhoneXR_L,OppoFindX3Neo_A
500,556,-1,iPhoneXSMax_M,XiaomiA2_E
253,695,-1,XiaomiRedmiNote7_S,SamsungJ6_K
528,722,-1,XiaomiA2_E,iPhone7_F
372,690,-1,XiaomiRedmi5_J,SamsungJ6_K
327,475,-1,XiaomiRedmi5_J,OnePlusNord_O
269,496,-1,XiaomiRedmiNote7_S,iPhoneXSMax_M
265,418,-1,XiaomiRedmiNote7_S,XiaomiRedmiNote9S_T
449,688,-1,XiaomiRedmiNote9S_T,SamsungJ6_K
134,477,-1,GooglePixel3A_L,OnePlusNord_O
81,296,-1,iPhoneXR_L,XiaomiRedmiNote7_S
56,140,-1,iPhoneXR_L,GooglePixel3A_L
526,692,-1,XiaomiA2_E,SamsungJ6_K
30,458,-1,XiaomiRedmi4_B,XiaomiRedmiNote9S_T
356,685,-1,XiaomiRedmi5_J,SamsungJ6_K
155,664,-1,HuaweiHonor9_R,iPhone12_M
405,501,-1,XiaomiRedmiNote9S_T,iPhoneXSMax_M
387,718,-1,XiaomiRedmi5_J,iPhone7_F
183,368,-1,HuaweiHonor9_R,XiaomiRedmi5_J
212,525,-1,OppoFindX3Neo_A,iPhoneXSMax_M
91,254,-1,iPhoneXR_L,XiaomiRedmiNote7_S
438,560,-1,XiaomiRedmiNote9S_T,XiaomiA2_E
391,676,-1,XiaomiRedmi5_J,iPhone12_M
102,152,-1,iPhoneXR_L,HuaweiHonor9_R
94,605,-1,iPhoneXR_L,iPhone11_M
92,184,-1,iPhoneXR_L,HuaweiHonor9_R
164,313,-1,HuaweiHonor9_R,XiaomiRedmi5_J
565,621,-1,XiaomiA2_E,iPhone6_N
196,578,-1,SamsungS7_I,iPhone11_M
133,529,-1,GooglePixel3A_L,XiaomiA2_E
222,528,-1,XiaomiRedmiNote7_S,XiaomiA2_E
267,672,-1,XiaomiRedmiNote7_S,iPhone12_M
195,672,-1,SamsungS7_I,iPhone12_M
219,510,-1,OppoFindX3Neo_A,iPhoneXSMax_M
290,328,-1,XiaomiRedmiNote7_S,XiaomiRedmi5_J
34,104,-1,XiaomiRedmi4_B,iPhoneXR_L
115,649,-1,GooglePixel3A_L,iPhone12_W
77,129,-1,iPhoneXR_L,GooglePixel3A_L
125,192,-1,GooglePixel3A_L,SamsungS7_I
544,710,-1,XiaomiA2_E,GooglePixel3A_V
545,588,-1,XiaomiA2_E,iPhone11_M
1,610,-1,XiaomiRedmi4_B,iPhone6_N
237,575,-1,XiaomiRedmiNote7_S,iPhone11_M
290,466,-1,XiaomiRedmiNote7_S,OnePlusNord_O
230,670,-1,XiaomiRedmiNote7_S,iPhone12_M
242,416,-1,XiaomiRedmiNote7_S,XiaomiRedmiNote9S_T
57,527,-1,iPhoneXR_L,XiaomiA2_E
374,501,-1,XiaomiRedmi5_J,iPhoneXSMax_M
267,573,-1,XiaomiRedmiNote7_S,iPhone11_M
648,700,-1,iPhone12_W,GooglePixel3A_V
100,353,-1,iPhoneXR_L,XiaomiRedmi5_J
177,650,-1,HuaweiHonor9_R,iPhone12_W
101,316,-1,iPhoneXR_L,XiaomiRedmi5_J
272,490,-1,XiaomiRedmiNote7_S,OnePlusNord_O
557,719,-1,XiaomiA2_E,iPhone7_F
292,642,-1,XiaomiRedmiNote7_S,iPhone11_B
154,476,-1,HuaweiHonor9_R,OnePlusNord_O
165,555,-1,HuaweiHonor9_R,XiaomiA2_E
53,105,-1,iPhoneXR_L,GooglePixel3A_L
402,427,-1,SamsungM31_A,XiaomiRedmiNote9S_T
301,420,-1,iPhoneXR_U,XiaomiRedmiNote9S_T
116,472,-1,GooglePixel3A_L,OnePlusNord_O
98,334,-1,iPhoneXR_L,XiaomiRedmi5_J
221,647,-1,XiaomiRedmiNote7_S,iPhone12_W
34,548,-1,XiaomiRedmi4_B,XiaomiA2_E
2,165,-1,XiaomiRedmi4_B,HuaweiHonor9_R
199,656,-1,SamsungS7_I,iPhone12_W
152,697,-1,HuaweiHonor9_R,SamsungJ6_K
160,670,-1,HuaweiHonor9_R,iPhone12_M
378,449,-1,XiaomiRedmi5_J,XiaomiRedmiNote9S_T
107,463,-1,GooglePixel3A_L,XiaomiRedmiNote9S_T
576,643,-1,iPhone11_M,iPhone11_B
145,192,-1,HuaweiHonor9_R,SamsungS7_I
211,261,-1,OppoFindX3Neo_A,XiaomiRedmiNote7_S
480,555,-1,OnePlusNord_O,XiaomiA2_E
380,433,-1,XiaomiRedmi5_J,XiaomiRedmiNote9S_T
39,224,-1,XiaomiRedmi4_B,XiaomiRedmiNote7_S
211,653,-1,OppoFindX3Neo_A,iPhone12_W
97,237,-1,iPhoneXR_L,XiaomiRedmiNote7_S
186,244,-1,HuaweiHonor9_R,XiaomiRedmiNote7_S
229,699,-1,XiaomiRedmiNote7_S,SamsungJ6_K
396,434,-1,SamsungM31_A,XiaomiRedmiNote9S_T
210,588,-1,SamsungS7_I,iPhone11_M
209,291,-1,SamsungS7_I,XiaomiRedmiNote7_S
108,400,-1,GooglePixel3A_L,SamsungM31_A
259,505,-1,XiaomiRedmiNote7_S,iPhoneXSMax_M
7,147,-1,XiaomiRedmi4_B,HuaweiHonor9_R
35,620,-1,XiaomiRedmi4_B,iPhone6_N
302,520,-1,iPhoneXR_U,iPhoneXSMax_M
273,438,-1,XiaomiRedmiNote7_S,XiaomiRedmiNote9S_T
76,139,-1,iPhoneXR_L,GooglePixel3A_L
38,322,-1,XiaomiRedmi4_B,XiaomiRedmi5_J
435,653,-1,XiaomiRedmiNote9S_T,iPhone12_W
103,526,-1,iPhoneXR_L,XiaomiA2_E
58,650,-1,iPhoneXR_L,iPhone12_W
239,718,-1,XiaomiRedmiNote7_S,iPhone7_F
145,691,-1,HuaweiHonor9_R,SamsungJ6_K
557,650,-1,XiaomiA2_E,iPhone12_W
447,704,-1,XiaomiRedmiNote9S_T,GooglePixel3A_V
522,592,-1,iPhoneXSMax_M,iPhone11_M
432,515,-1,XiaomiRedmiNote9S_T,iPhoneXSMax_M
677,692,-1,iPhone12_M,SamsungJ6_K
93,599,-1,iPhoneXR_L,iPhone11_M
155,250,-1,HuaweiHonor9_R,XiaomiRedmiNote7_S
35,146,-1,XiaomiRedmi4_B,HuaweiHonor9_R
368,467,-1,XiaomiRedmi5_J,OnePlusNord_O
303,659,-1,iPhoneXR_U,iPhone12_W
76,251,-1,iPhoneXR_L,XiaomiRedmiNote7_S
70,495,-1,iPhoneXR_L,iPhoneXSMax_M
139,333,-1,GooglePixel3A_L,XiaomiRedmi5_J
231,359,-1,XiaomiRedmiNote7_S,XiaomiRedmi5_J
501,587,-1,iPhoneXSMax_M,iPhone11_M
202,460,-1,SamsungS7_I,XiaomiRedmiNote9S_T
339,726,-1,XiaomiRedmi5_J,iPhone7_F
221,578,-1,XiaomiRedmiNote7_S,iPhone11_M
185,291,-1,HuaweiHonor9_R,XiaomiRedmiNote7_S
456,706,-1,XiaomiRedmiNote9S_T,GooglePixel3A_V
137,234,-1,GooglePixel3A_L,XiaomiRedmiNote7_S
40,203,-1,XiaomiRedmi4_B,SamsungS7_I
300,539,-1,iPhoneXR_U,XiaomiA2_E
545,632,-1,XiaomiA2_E,iPhone6_N
133,702,-1,GooglePixel3A_L,GooglePixel3A_V
420,627,-1,XiaomiRedmiNote9S_T,iPhone6_N
19,610,-1,XiaomiRedmi4_B,iPhone6_N
218,594,-1,OppoFindX3Neo_A,iPhone11_M
277,686,-1,XiaomiRedmiNote7_S,SamsungJ6_K
86,263,-1,iPhoneXR_L,XiaomiRedmiNote7_S
158,672,-1,HuaweiHonor9_R,iPhone12_M
81,575,-1,iPhoneXR_L,iPhone11_M
291,585,-1,XiaomiRedmiNote7_S,iPhone11_M
679,692,-1,iPhone12_M,SamsungJ6_K
335,533,-1,XiaomiRedmi5_J,XiaomiA2_E
248,448,-1,XiaomiRedmiNote7_S,XiaomiRedmiNote9S_T
138,457,-1,GooglePixel3A_L,XiaomiRedmiNote9S_T
602,705,-1,iPhone11_M,GooglePixel3A_V
33,532,-1,XiaomiRedmi4_B,XiaomiA2_E
274,532,-1,XiaomiRedmiNote7_S,XiaomiA2_E
343,505,-1,XiaomiRedmi5_J,iPhoneXSMax_M
72,589,-1,iPhoneXR_L,iPhone11_M
143,548,-1,HuaweiHonor9_R,XiaomiA2_E
225,625,-1,XiaomiRedmiNote7_S,iPhone6_N
220,556,-1,OppoFindX3Neo_A,XiaomiA2_E
489,729,-1,OnePlusNord_O,iPhone7_F
210,311,-1,SamsungS7_I,XiaomiRedmi5_J
49,57,-1,XiaomiRedmi4_B,iPhoneXR_L
103,442,-1,iPhoneXR_L,XiaomiRedmiNote9S_T
421,470,-1,XiaomiRedmiNote9S_T,OnePlusNord_O
81,673,-1,iPhoneXR_L,iPhone12_M
388,510,-1,XiaomiRedmi5_J,iPhoneXSMax_M
551,715,-1,XiaomiA2_E,iPhone7_F
60,270,-1,iPhoneXR_L,XiaomiRedmiNote7_S
364,453,-1,XiaomiRedmi5_J,XiaomiRedmiNote9S_T
36,253,-1,XiaomiRedmi4_B,XiaomiRedmiNote7_S
339,667,-1,XiaomiRedmi5_J,iPhone12_M
402,634,-1,SamsungM31_A,iPhone6_N
150,710,-1,HuaweiHonor9_R,GooglePixel3A_V
232,434,-1,XiaomiRedmiNote7_S,XiaomiRedmiNote9S_T
529,612,-1,XiaomiA2_E,iPhone6_N
257,547,-1,XiaomiRedmiNote7_S,XiaomiA2_E
546,704,-1,XiaomiA2_E,GooglePixel3A_V
514,710,-1,iPhoneXSMax_M,GooglePixel3A_V
155,559,-1,HuaweiHonor9_R,XiaomiA2_E
632,725,-1,iPhone6_N,iPhone7_F
355,528,-1,XiaomiRedmi5_J,XiaomiA2_E
16,362,-1,XiaomiRedmi4_B,XiaomiRedmi5_J
347,416,-1,XiaomiRedmi5_J,XiaomiRedmiNote9S_T
326,723,-1,XiaomiRedmi5_J,iPhone7_F
17,705,-1,XiaomiRedmi4_B,GooglePixel3A_V
262,399,-1,XiaomiRedmiNote7_S,SamsungM31_A
90,607,-1,iPhoneXR_L,iPhone6_N
434,622,-1,XiaomiRedmiNote9S_T,iPhone6_N
479,603,-1,OnePlusNord_O,iPhone11_M
199,513,-1,SamsungS7_I,iPhoneXSMax_M
50,653,-1,XiaomiRedmi4_B,iPhone12_W
543,713,-1,XiaomiA2_E,GooglePixel3A_V
465,510,-1,OnePlusNord_O,iPhoneXSMax_M
6,149,-1,XiaomiRedmi4_B,HuaweiHonor9_R
285,677,-1,XiaomiRedmiNote7_S,iPhone12_M
242,354,-1,XiaomiRedmiNote7_S,XiaomiRedmi5_J
148,247,-1,HuaweiHonor9_R,XiaomiRedmiNote7_S
280,322,-1,XiaomiRedmiNote7_S,XiaomiRedmi5_J
325,428,-1,XiaomiRedmi5_J,XiaomiRedmiNote9S_T
174,615,-1,HuaweiHonor9_R,iPhone6_N
274,364,-1,XiaomiRedmiNote7_S,XiaomiRedmi5_J
189,207,-1,HuaweiHonor9_R,SamsungS7_I
471,674,-1,OnePlusNord_O,iPhone12_M
77,494,-1,iPhoneXR_L,iPhoneXSMax_M
86,594,-1,iPhoneXR_L,iPhone11_M
292,706,-1,XiaomiRedmiNote7_S,GooglePixel3A_V
206,398,-1,SamsungS7_I,SamsungM31_A
589,632,-1,iPhone11_M,iPhone6_N
124,442,-1,GooglePixel3A_L,XiaomiRedmiNote9S_T
375,489,-1,XiaomiRedmi5_J,OnePlusNord_O
359,670,-1,XiaomiRedmi5_J,iPhone12_M
50,617,-1,XiaomiRedmi4_B,iPhone6_N
359,636,-1,XiaomiRedmi5_J,iPhone6_N
3,632,-1,XiaomiRedmi4_B,iPhone6_N
670,719,-1,iPhone12_M,iPhone7_F
326,438,-1,XiaomiRedmi5_J,XiaomiRedmiNote9S_T
110,402,-1,GooglePixel3A_L,SamsungM31_A
204,570,-1,SamsungS7_I,iPhone11_M
379,587,-1,XiaomiRedmi5_J,iPhone11_M
685,710,-1,SamsungJ6_K,GooglePixel3A_V
571,609,-1,iPhone11_M,iPhone6_N
295,336,-1,XiaomiRedmiNote7_S,XiaomiRedmi5_J
183,680,-1,HuaweiHonor9_R,SamsungJ6_K
20,608,-1,XiaomiRedmi4_B,iPhone6_N
442,605,-1,XiaomiRedmiNote9S_T,iPhone11_M
82,200,-1,iPhoneXR_L,SamsungS7_I
247,395,-1,XiaomiRedmiNote7_S,SamsungM31_A
562,593,-1,XiaomiA2_E,iPhone11_M
45,316,-1,XiaomiRedmi4_B,XiaomiRedmi5_J
186,500,-1,HuaweiHonor9_R,iPhoneXSMax_M
290,394,-1,XiaomiRedmiNote7_S,SamsungM31_A
419,623,-1,XiaomiRedmiNote9S_T,iPhone6_N
232,691,-1,XiaomiRedmiNote7_S,SamsungJ6_K
487,501,-1,OnePlusNord_O,iPhoneXSMax_M
554,603,-1,XiaomiA2_E,iPhone11_M
18,344,-1,XiaomiRedmi4_B,XiaomiRedmi5_J
448,661,-1,XiaomiRedmiNote9S_T,iPhone12_M
127,280,-1,GooglePixel3A_L,XiaomiRedmiNote7_S
311,393,-1,XiaomiRedmi5_J,SamsungM31_A
31,378,-1,XiaomiRedmi4_B,XiaomiRedmi5_J
296,365,-1,XiaomiRedmiNote7_S,XiaomiRedmi5_J
581,702,-1,iPhone11_M,GooglePixel3A_V
37,272,-1,XiaomiRedmi4_B,XiaomiRedmiNote7_S
240,611,-1,XiaomiRedmiNote7_S,iPhone6_N
334,669,-1,XiaomiRedmi5_J,iPhone12_M
534,609,-1,XiaomiA2_E,iPhone6_N
7,424,-1,XiaomiRedmi4_B,XiaomiRedmiNote9S_T
182,514,-1,HuaweiHonor9_R,iPhoneXSMax_M
37,498,-1,XiaomiRedmi4_B,iPhoneXSMax_M
20,178,-1,XiaomiRedmi4_B,HuaweiHonor9_R
606,621,-1,iPhone11_M,iPhone6_N
36,134,-1,XiaomiRedmi4_B,GooglePixel3A_L
192,543,-1,SamsungS7_I,XiaomiA2_E
28,658,-1,XiaomiRedmi4_B,iPhone12_W
529,648,-1,XiaomiA2_E,iPhone12_W
354,394,-1,XiaomiRedmi5_J,SamsungM31_A
281,530,-1,XiaomiRedmiNote7_S,XiaomiA2_E
147,308,-1,HuaweiHonor9_R,iPhoneXR_U
142,501,-1,HuaweiHonor9_R,iPhoneXSMax_M
77,303,-1,iPhoneXR_L,iPhoneXR_U
50,86,-1,XiaomiRedmi4_B,iPhoneXR_L
317,482,-1,XiaomiRedmi5_J,OnePlusNord_O
376,469,-1,XiaomiRedmi5_J,OnePlusNord_O
290,334,-1,XiaomiRedmiNote7_S,XiaomiRedmi5_J
420,712,-1,XiaomiRedmiNote9S_T,GooglePixel3A_V
226,419,-1,XiaomiRedmiNote7_S,XiaomiRedmiNote9S_T
174,270,-1,HuaweiHonor9_R,XiaomiRedmiNote7_S
391,573,-1,XiaomiRedmi5_J,iPhone11_M
509,731,-1,iPhoneXSMax_M,iPhone7_F
374,622,-1,XiaomiRedmi5_J,iPhone6_N
320,626,-1,XiaomiRedmi5_J,iPhone6_N
558,600,-1,XiaomiA2_E,iPhone11_M
414,518,-1,XiaomiRedmiNote9S_T,iPhoneXSMax_M
200,540,-1,SamsungS7_I,XiaomiA2_E
141,696,-1,HuaweiHonor9_R,SamsungJ6_K
390,598,-1,XiaomiRedmi5_J,iPhone11_M
304,364,-1,iPhoneXR_U,XiaomiRedmi5_J
76,626,-1,iPhoneXR_L,iPhone6_N
361,706,-1,XiaomiRedmi5_J,GooglePixel3A_V
642,697,-1,iPhone11_B,SamsungJ6_K
114,625,-1,GooglePixel3A_L,iPhone6_N
272,614,-1,XiaomiRedmiNote7_S,iPhone6_N
98,318,-1,iPhoneXR_L,XiaomiRedmi5_J
317,506,-1,XiaomiRedmi5_J,iPhoneXSMax_M
142,368,-1,HuaweiHonor9_R,XiaomiRedmi5_J
397,606,-1,SamsungM31_A,iPhone11_M
356,405,-1,XiaomiRedmi5_J,XiaomiRedmiNote9S_T
198,476,-1,SamsungS7_I,OnePlusNord_O
48,630,-1,XiaomiRedmi4_B,iPhone6_N
402,548,-1,SamsungM31_A,XiaomiA2_E
21,163,-1,XiaomiRedmi4_B,HuaweiHonor9_R
257,699,-1,XiaomiRedmiNote7_S,SamsungJ6_K
553,646,-1,XiaomiA2_E,iPhone12_W
471,664,-1,OnePlusNord_O,iPhone12_M
135,604,-1,GooglePixel3A_L,iPhone11_M
386,393,-1,XiaomiRedmi5_J,SamsungM31_A
236,669,-1,XiaomiRedmiNote7_S,iPhone12_M
198,418,-1,SamsungS7_I,XiaomiRedmiNote9S_T
600,679,-1,iPhone11_M,iPhone12_M
145,218,-1,HuaweiHonor9_R,OppoFindX3Neo_A
72,253,-1,iPhoneXR_L,XiaomiRedmiNote7_S
604,677,-1,iPhone11_M,iPhone12_M
201,300,-1,SamsungS7_I,iPhoneXR_U
27,243,-1,XiaomiRedmi4_B,XiaomiRedmiNote7_S
265,588,-1,XiaomiRedmiNote7_S,iPhone11_M
31,327,-1,XiaomiRedmi4_B,XiaomiRedmi5_J
113,148,-1,GooglePixel3A_L,HuaweiHonor9_R
62,576,-1,iPhoneXR_L,iPhone11_M
164,323,-1,HuaweiHonor9_R,XiaomiRedmi5_J
657,685,-1,iPhone12_W,SamsungJ6_K
593,727,-1,iPhone11_M,iPhone7_F
444,552,-1,XiaomiRedmiNote9S_T,XiaomiA2_E
370,621,-1,XiaomiRedmi5_J,iPhone6_N
484,701,-1,OnePlusNord_O,GooglePixel3A_V
117,170,-1,GooglePixel3A_L,HuaweiHonor9_R
159,439,-1,HuaweiHonor9_R,XiaomiRedmiNote9S_T
140,241,-1,GooglePixel3A_L,XiaomiRedmiNote7_S
62,508,-1,iPhoneXR_L,iPhoneXSMax_M
84,247,-1,iPhoneXR_L,XiaomiRedmiNote7_S
420,626,-1,XiaomiRedmiNote9S_T,iPhone6_N
82,300,-1,iPhoneXR_L,iPhoneXR_U
209,333,-1,SamsungS7_I,XiaomiRedmi5_J
67,112,-1,iPhoneXR_L,GooglePixel3A_L
171,304,-1,HuaweiHonor9_R,iPhoneXR_U
101,271,-1,iPhoneXR_L,XiaomiRedmiNote7_S
203,454,-1,SamsungS7_I,XiaomiRedmiNote9S_T
234,576,-1,XiaomiRedmiNote7_S,iPhone11_M
49,628,-1,XiaomiRedmi4_B,iPhone6_N
16,415,-1,XiaomiRedmi4_B,XiaomiRedmiNote9S_T
319,554,-1,XiaomiRedmi5_J,XiaomiA2_E
79,269,-1,iPhoneXR_L,XiaomiRedmiNote7_S
155,265,-1,HuaweiHonor9_R,XiaomiRedmiNote7_S
347,407,-1,XiaomiRedmi5_J,XiaomiRedmiNote9S_T
80,447,-1,iPhoneXR_L,XiaomiRedmiNote9S_T
335,532,-1,XiaomiRedmi5_J,XiaomiA2_E
22,494,-1,XiaomiRedmi4_B,iPhoneXSMax_M
190,422,-1,HuaweiHonor9_R,XiaomiRedmiNote9S_T
544,598,-1,XiaomiA2_E,iPhone11_M
364,702,-1,XiaomiRedmi5_J,GooglePixel3A_V
157,241,-1,HuaweiHonor9_R,XiaomiRedmiNote7_S
594,638,-1,iPhone11_M,iPhone11_B
111,663,-1,GooglePixel3A_L,iPhone12_M
239,444,-1,XiaomiRedmiNote7_S,XiaomiRedmiNote9S_T
298,338,-1,iPhoneXR_U,XiaomiRedmi5_J
255,427,-1,XiaomiRedmiNote7_S,XiaomiRedmiNote9S_T
222,326,-1,XiaomiRedmiNote7_S,XiaomiRedmi5_J
75,460,-1,iPhoneXR_L,XiaomiRedmiNote9S_T
194,575,-1,SamsungS7_I,iPhone11_M
356,723,-1,XiaomiRedmi5_J,iPhone7_F
56,312,-1,iPhoneXR_L,XiaomiRedmi5_J
227,505,-1,XiaomiRedmiNote7_S,iPhoneXSMax_M
89,632,-1,iPhoneXR_L,iPhone6_N
14,210,-1,XiaomiRedmi4_B,SamsungS7_I
195,645,-1,SamsungS7_I,iPhone12_W
132,318,-1,GooglePixel3A_L,XiaomiRedmi5_J
144,194,-1,HuaweiHonor9_R,SamsungS7_I
205,303,-1,SamsungS7_I,iPhoneXR_U
164,263,-1,HuaweiHonor9_R,XiaomiRedmiNote7_S
344,642,-1,XiaomiRedmi5_J,iPhone11_B
186,530,-1,HuaweiHonor9_R,XiaomiA2_E
106,217,-1,GooglePixel3A_L,OppoFindX3Neo_A
174,429,-1,HuaweiHonor9_R,XiaomiRedmiNote9S_T
305,592,-1,iPhoneXR_U,iPhone11_M
315,533,-1,XiaomiRedmi5_J,XiaomiA2_E
15,57,-1,XiaomiRedmi4_B,iPhoneXR_L
388,514,-1,XiaomiRedmi5_J,iPhoneXSMax_M
201,666,-1,SamsungS7_I,iPhone12_M
17,478,-1,XiaomiRedmi4_B,OnePlusNord_O
256,421,-1,XiaomiRedmiNote7_S,XiaomiRedmiNote9S_T
55,245,-1,iPhoneXR_L,XiaomiRedmiNote7_S
245,426,-1,XiaomiRedmiNote7_S,XiaomiRedmiNote9S_T
55,604,-1,iPhoneXR_L,iPhone11_M
190,301,-1,HuaweiHonor9_R,iPhoneXR_U
14,474,-1,XiaomiRedmi4_B,OnePlusNord_O
347,463,-1,XiaomiRedmi5_J,XiaomiRedmiNote9S_T
54,548,-1,iPhoneXR_L,XiaomiA2_E
129,149,-1,GooglePixel3A_L,HuaweiHonor9_R
232,397,-1,XiaomiRedmiNote7_S,SamsungM31_A
270,619,-1,XiaomiRedmiNote7_S,iPhone6_N
517,591,-1,iPhoneXSMax_M,iPhone11_M
260,374,-1,XiaomiRedmiNote7_S,XiaomiRedmi5_J
496,680,-1,iPhoneXSMax_M,SamsungJ6_K
348,549,-1,XiaomiRedmi5_J,XiaomiA2_E
199,333,-1,SamsungS7_I,XiaomiRedmi5_J
482,612,-1,OnePlusNord_O,iPhone6_N
399,465,-1,SamsungM31_A,OnePlusNord_O
380,701,-1,XiaomiRedmi5_J,GooglePixel3A_V
349,546,-1,XiaomiRedmi5_J,XiaomiA2_E
240,439,-1,XiaomiRedmiNote7_S,XiaomiRedmiNote9S_T
228,665,-1,XiaomiRedmiNote7_S,iPhone12_M
206,252,-1,SamsungS7_I,XiaomiRedmiNote7_S
489,559,-1,OnePlusNord_O,XiaomiA2_E
61,491,-1,iPhoneXR_L,OnePlusNord_O
334,713,-1,XiaomiRedmi5_J,GooglePixel3A_V
209,479,-1,SamsungS7_I,OnePlusNord_O
407,535,-1,XiaomiRedmiNote9S_T,XiaomiA2_E
157,377,-1,HuaweiHonor9_R,XiaomiRedmi5_J
97,178,-1,iPhoneXR_L,HuaweiHonor9_R
216,659,-1,OppoFindX3Neo_A,iPhone12_W
157,720,-1,HuaweiHonor9_R,iPhone7_F
101,573,-1,iPhoneXR_L,iPhone11_M
106,592,-1,GooglePixel3A_L,iPhone11_M
203,486,-1,SamsungS7_I,OnePlusNord_O
505,668,-1,iPhoneXSMax_M,iPhone12_M
220,480,-1,OppoFindX3Neo_A,OnePlusNord_O
524,588,-1,iPhoneXSMax_M,iPhone11_M
51,395,-1,iPhoneXR_L,SamsungM31_A
328,537,-1,XiaomiRedmi5_J,XiaomiA2_E
256,578,-1,XiaomiRedmiNote7_S,iPhone11_M
304,474,-1,iPhoneXR_U,OnePlusNord_O
218,628,-1,OppoFindX3Neo_A,iPhone6_N
363,497,-1,XiaomiRedmi5_J,iPhoneXSMax_M
399,729,-1,SamsungM31_A,iPhone7_F
316,686,-1,XiaomiRedmi5_J,SamsungJ6_K
140,684,-1,GooglePixel3A_L,SamsungJ6_K
268,551,-1,XiaomiRedmiNote7_S,XiaomiA2_E
50,593,-1,XiaomiRedmi4_B,iPhone11_M
142,336,-1,HuaweiHonor9_R,XiaomiRedmi5_J
76,363,-1,iPhoneXR_L,XiaomiRedmi5_J
264,505,-1,XiaomiRedmiNote7_S,iPhoneXSMax_M
106,721,-1,GooglePixel3A_L,iPhone7_F
209,437,-1,SamsungS7_I,XiaomiRedmiNote9S_T
123,594,-1,GooglePixel3A_L,iPhone11_M
78,109,-1,iPhoneXR_L,GooglePixel3A_L
406,583,-1,XiaomiRedmiNote9S_T,iPhone11_M
193,580,-1,SamsungS7_I,iPhone11_M
435,674,-1,XiaomiRedmiNote9S_T,iPhone12_M
491,730,-1,OnePlusNord_O,iPhone7_F
118,435,-1,GooglePixel3A_L,XiaomiRedmiNote9S_T
230,563,-1,XiaomiRedmiNote7_S,XiaomiA2_E
27,428,-1,XiaomiRedmi4_B,XiaomiRedmiNote9S_T
91,240,-1,iPhoneXR_L,XiaomiRedmiNote7_S
234,704,-1,XiaomiRedmiNote7_S,GooglePixel3A_V
208,493,-1,SamsungS7_I,iPhoneXSMax_M
118,493,-1,GooglePixel3A_L,iPhoneXSMax_M
252,519,-1,XiaomiRedmiNote7_S,iPhoneXSMax_M
102,488,-1,iPhoneXR_L,OnePlusNord_O
357,417,-1,XiaomiRedmi5_J,XiaomiRedmiNote9S_T
428,731,-1,XiaomiRedmiNote9S_T,iPhone7_F
15,373,-1,XiaomiRedmi4_B,XiaomiRedmi5_J
516,539,-1,iPhoneXSMax_M,XiaomiA2_E
532,632,-1,XiaomiA2_E,iPhone6_N
496,557,-1,iPhoneXSMax_M,XiaomiA2_E
380,528,-1,XiaomiRedmi5_J,XiaomiA2_E
176,356,-1,HuaweiHonor9_R,XiaomiRedmi5_J
73,237,-1,iPhoneXR_L,XiaomiRedmiNote7_S
332,648,-1,XiaomiRedmi5_J,iPhone12_W
35,313,-1,XiaomiRedmi4_B,XiaomiRedmi5_J
54,568,-1,iPhoneXR_L,iPhone11_M
75,469,-1,iPhoneXR_L,OnePlusNord_O
448,700,-1,XiaomiRedmiNote9S_T,GooglePixel3A_V
632,672,-1,iPhone6_N,iPhone12_M
550,699,-1,XiaomiA2_E,SamsungJ6_K
281,682,-1,XiaomiRedmiNote7_S,SamsungJ6_K
510,629,-1,iPhoneXSMax_M,iPhone6_N
121,621,-1,GooglePixel3A_L,iPhone6_N
188,524,-1,HuaweiHonor9_R,iPhoneXSMax_M
31,369,-1,XiaomiRedmi4_B,XiaomiRedmi5_J
162,203,-1,HuaweiHonor9_R,SamsungS7_I
124,160,-1,GooglePixel3A_L,HuaweiHonor9_R
81,610,-1,iPhoneXR_L,iPhone6_N
56,653,-1,iPhoneXR_L,iPhone12_W
182,702,-1,HuaweiHonor9_R,GooglePixel3A_V
183,442,-1,HuaweiHonor9_R,XiaomiRedmiNote9S_T
126,453,-1,GooglePixel3A_L,XiaomiRedmiNote9S_T
47,526,-1,XiaomiRedmi4_B,XiaomiA2_E
151,363,-1,HuaweiHonor9_R,XiaomiRedmi5_J
463,490,-1,XiaomiRedmiNote9S_T,OnePlusNord_O
339,708,-1,XiaomiRedmi5_J,GooglePixel3A_V
440,519,-1,XiaomiRedmiNote9S_T,iPhoneXSMax_M
187,372,-1,HuaweiHonor9_R,XiaomiRedmi5_J
433,549,-1,XiaomiRedmiNote9S_T,XiaomiA2_E
429,514,-1,XiaomiRedmiNote9S_T,iPhoneXSMax_M
269,325,-1,XiaomiRedmiNote7_S,XiaomiRedmi5_J
456,612,-1,XiaomiRedmiNote9S_T,iPhone6_N
216,599,-1,OppoFindX3Neo_A,iPhone11_M
633,709,-1,iPhone6_N,GooglePixel3A_V
362,633,-1,XiaomiRedmi5_J,iPhone6_N
185,728,-1,HuaweiHonor9_R,iPhone7_F
16,102,-1,XiaomiRedmi4_B,iPhoneXR_L
564,669,-1,XiaomiA2_E,iPhone12_M
506,677,-1,iPhoneXSMax_M,iPhone12_M
175,642,-1,HuaweiHonor9_R,iPhone11_B
8,646,-1,XiaomiRedmi4_B,iPhone12_W
218,355,-1,OppoFindX3Neo_A,XiaomiRedmi5_J
233,329,-1,XiaomiRedmiNote7_S,XiaomiRedmi5_J
243,717,-1,XiaomiRedmiNote7_S,iPhone7_F
220,438,-1,OppoFindX3Neo_A,XiaomiRedmiNote9S_T
122,318,-1,GooglePixel3A_L,XiaomiRedmi5_J
81,611,-1,iPhoneXR_L,iPhone6_N
71,698,-1,iPhoneXR_L,SamsungJ6_K
571,657,-1,iPhone11_M,iPhone12_W
489,619,-1,OnePlusNord_O,iPhone6_N
19,144,-1,XiaomiRedmi4_B,HuaweiHonor9_R
121,356,-1,GooglePixel3A_L,XiaomiRedmi5_J
294,657,-1,XiaomiRedmiNote7_S,iPhone12_W
16,472,-1,XiaomiRedmi4_B,OnePlusNord_O
63,368,-1,iPhoneXR_L,XiaomiRedmi5_J
173,585,-1,HuaweiHonor9_R,iPhone11_M
51,235,-1,iPhoneXR_L,XiaomiRedmiNote7_S
456,718,-1,XiaomiRedmiNote9S_T,iPhone7_F
23,312,-1,XiaomiRedmi4_B,XiaomiRedmi5_J
142,534,-1,HuaweiHonor9_R,XiaomiA2_E
195,483,-1,SamsungS7_I,OnePlusNord_O
2,158,-1,XiaomiRedmi4_B,HuaweiHonor9_R
455,722,-1,XiaomiRedmiNote9S_T,iPhone7_F
162,289,-1,HuaweiHonor9_R,XiaomiRedmiNote7_S
560,641,-1,XiaomiA2_E,iPhone11_B
138,592,-1,GooglePixel3A_L,iPhone11_M
436,697,-1,XiaomiRedmiNote9S_T,SamsungJ6_K
188,365,-1,HuaweiHonor9_R,XiaomiRedmi5_J
105,180,-1,GooglePixel3A_L,HuaweiHonor9_R
292,466,-1,XiaomiRedmiNote7_S,OnePlusNord_O
311,586,-1,XiaomiRedmi5_J,iPhone11_M
32,71,-1,XiaomiRedmi4_B,iPhoneXR_L
142,404,-1,HuaweiHonor9_R,SamsungM31_A
420,688,-1,XiaomiRedmiNote9S_T,SamsungJ6_K
176,281,-1,HuaweiHonor9_R,XiaomiRedmiNote7_S
413,572,-1,XiaomiRedmiNote9S_T,iPhone11_M
386,413,-1,XiaomiRedmi5_J,XiaomiRedmiNote9S_T
451,588,-1,XiaomiRedmiNote9S_T,iPhone11_M
205,704,-1,SamsungS7_I,GooglePixel3A_V
148,668,-1,HuaweiHonor9_R,iPhone12_M
383,554,-1,XiaomiRedmi5_J,XiaomiA2_E
51,486,-1,iPhoneXR_L,OnePlusNord_O
59,731,-1,iPhoneXR_L,iPhone7_F
457,465,-1,XiaomiRedmiNote9S_T,OnePlusNord_O
241,535,-1,XiaomiRedmiNote7_S,XiaomiA2_E
26,610,-1,XiaomiRedmi4_B,iPhone6_N
71,443,-1,iPhoneXR_L,XiaomiRedmiNote9S_T
339,628,-1,XiaomiRedmi5_J,iPhone6_N
89,398,-1,iPhoneXR_L,SamsungM31_A
6,728,-1,XiaomiRedmi4_B,iPhone7_F
178,528,-1,HuaweiHonor9_R,XiaomiA2_E
229,327,-1,XiaomiRedmiNote7_S,XiaomiRedmi5_J
329,529,-1,XiaomiRedmi5_J,XiaomiA2_E
163,268,-1,HuaweiHonor9_R,XiaomiRedmiNote7_S
155,336,-1,HuaweiHonor9_R,XiaomiRedmi5_J
184,260,-1,HuaweiHonor9_R,XiaomiRedmiNote7_S
275,596,-1,XiaomiRedmiNote7_S,iPhone11_M
197,220,-1,SamsungS7_I,OppoFindX3Neo_A
533,607,-1,XiaomiA2_E,iPhone6_N
629,651,-1,iPhone6_N,iPhone12_W
182,673,-1,HuaweiHonor9_R,iPhone12_M
82,399,-1,iPhoneXR_L,SamsungM31_A
287,595,-1,XiaomiRedmiNote7_S,iPhone11_M
277,503,-1,XiaomiRedmiNote7_S,iPhoneXSMax_M
121,188,-1,GooglePixel3A_L,HuaweiHonor9_R
350,700,-1,XiaomiRedmi5_J,GooglePixel3A_V
4,148,-1,XiaomiRedmi4_B,HuaweiHonor9_R
192,525,-1,SamsungS7_I,iPhoneXSMax_M
367,441,-1,XiaomiRedmi5_J,XiaomiRedmiNote9S_T
212,232,-1,OppoFindX3Neo_A,XiaomiRedmiNote7_S
194,516,-1,SamsungS7_I,iPhoneXSMax_M
308,591,-1,iPhoneXR_U,iPhone11_M
300,396,-1,iPhoneXR_U,SamsungM31_A
122,731,-1,GooglePixel3A_L,iPhone7_F
654,670,-1,iPhone12_W,iPhone12_M
589,652,-1,iPhone11_M,iPhone12_W
571,677,-1,iPhone11_M,iPhone12_M
158,448,-1,HuaweiHonor9_R,XiaomiRedmiNote9S_T
140,690,-1,GooglePixel3A_L,SamsungJ6_K
290,602,-1,XiaomiRedmiNote7_S,iPhone11_M
190,429,-1,HuaweiHonor9_R,XiaomiRedmiNote9S_T
311,395,-1,XiaomiRedmi5_J,SamsungM31_A
18,367,-1,XiaomiRedmi4_B,XiaomiRedmi5_J
282,618,-1,XiaomiRedmiNote7_S,iPhone6_N
274,338,-1,XiaomiRedmiNote7_S,XiaomiRedmi5_J
228,314,-1,XiaomiRedmiNote7_S,XiaomiRedmi5_J
127,646,-1,GooglePixel3A_L,iPhone12_W
465,562,-1,OnePlusNord_O,XiaomiA2_E
604,618,-1,iPhone11_M,iPhone6_N
3,714,-1,XiaomiRedmi4_B,iPhone7_F
189,231,-1,HuaweiHonor9_R,XiaomiRedmiNote7_S
377,580,-1,XiaomiRedmi5_J,iPhone11_M
147,566,-1,HuaweiHonor9_R,XiaomiA2_E
33,553,-1,XiaomiRedmi4_B,XiaomiA2_E
619,699,-1,iPhone6_N,SamsungJ6_K
88,328,-1,iPhoneXR_L,XiaomiRedmi5_J
260,475,-1,XiaomiRedmiNote7_S,OnePlusNord_O
132,597,-1,GooglePixel3A_L,iPhone11_M
330,580,-1,XiaomiRedmi5_J,iPhone11_M
154,374,-1,HuaweiHonor9_R,XiaomiRedmi5_J
84,152,-1,iPhoneXR_L,HuaweiHonor9_R
179,385,-1,HuaweiHonor9_R,XiaomiRedmi5_J
399,703,-1,SamsungM31_A,GooglePixel3A_V
144,309,-1,HuaweiHonor9_R,iPhoneXR_U
36,151,-1,XiaomiRedmi4_B,HuaweiHonor9_R
400,430,-1,SamsungM31_A,XiaomiRedmiNote9S_T
487,499,-1,OnePlusNord_O,iPhoneXSMax_M
245,447,-1,XiaomiRedmiNote7_S,XiaomiRedmiNote9S_T
448,614,-1,XiaomiRedmiNote9S_T,iPhone6_N
347,684,-1,XiaomiRedmi5_J,SamsungJ6_K
5,317,-1,XiaomiRedmi4_B,XiaomiRedmi5_J
140,315,-1,GooglePixel3A_L,XiaomiRedmi5_J
183,358,-1,HuaweiHonor9_R,XiaomiRedmi5_J
39,99,-1,XiaomiRedmi4_B,iPhoneXR_L
107,395,-1,GooglePixel3A_L,SamsungM31_A
103,654,-1,iPhoneXR_L,iPhone12_W
240,687,-1,XiaomiRedmiNote7_S,SamsungJ6_K
285,425,-1,XiaomiRedmiNote7_S,XiaomiRedmiNote9S_T
285,330,-1,XiaomiRedmiNote7_S,XiaomiRedmi5_J
303,338,-1,iPhoneXR_U,XiaomiRedmi5_J
514,588,-1,iPhoneXSMax_M,iPhone11_M
235,434,-1,XiaomiRedmiNote7_S,XiaomiRedmiNote9S_T
109,368,-1,GooglePixel3A_L,XiaomiRedmi5_J
169,712,-1,HuaweiHonor9_R,GooglePixel3A_V
43,658,-1,XiaomiRedmi4_B,iPhone12_W
31,444,-1,XiaomiRedmi4_B,XiaomiRedmiNote9S_T
3,486,-1,XiaomiRedmi4_B,OnePlusNord_O
487,503,-1,OnePlusNord_O,iPhoneXSMax_M
237,617,-1,XiaomiRedmiNote7_S,iPhone6_N
66,241,-1,iPhoneXR_L,XiaomiRedmiNote7_S
287,538,-1,XiaomiRedmiNote7_S,XiaomiA2_E
68,636,-1,iPhoneXR_L,iPhone6_N
496,598,-1,iPhoneXSMax_M,iPhone11_M
566,594,-1,XiaomiA2_E,iPhone11_M
292,510,-1,XiaomiRedmiNote7_S,iPhoneXSMax_M
237,725,-1,XiaomiRedmiNote7_S,iPhone7_F
17,67,-1,XiaomiRedmi4_B,iPhoneXR_L
359,547,-1,XiaomiRedmi5_J,XiaomiA2_E
231,436,-1,XiaomiRedmiNote7_S,XiaomiRedmiNote9S_T
653,681,-1,iPhone12_W,SamsungJ6_K
183,195,-1,HuaweiHonor9_R,SamsungS7_I
431,574,-1,XiaomiRedmiNote9S_T,iPhone11_M
131,674,-1,GooglePixel3A_L,iPhone12_M
228,325,-1,XiaomiRedmiNote7_S,XiaomiRedmi5_J
196,296,-1,SamsungS7_I,XiaomiRedmiNote7_S
208,731,-1,SamsungS7_I,iPhone7_F
15,631,-1,XiaomiRedmi4_B,iPhone6_N
85,334,-1,iPhoneXR_L,XiaomiRedmi5_J
411,506,-1,XiaomiRedmiNote9S_T,iPhoneXSMax_M
347,448,-1,XiaomiRedmi5_J,XiaomiRedmiNote9S_T
22,720,-1,XiaomiRedmi4_B,iPhone7_F
6,681,-1,XiaomiRedmi4_B,SamsungJ6_K
466,672,-1,OnePlusNord_O,iPhone12_M
33,416,-1,XiaomiRedmi4_B,XiaomiRedmiNote9S_T
138,334,-1,GooglePixel3A_L,XiaomiRedmi5_J
160,621,-1,HuaweiHonor9_R,iPhone6_N
460,686,-1,XiaomiRedmiNote9S_T,SamsungJ6_K
122,548,-1,GooglePixel3A_L,XiaomiA2_E
19,502,-1,XiaomiRedmi4_B,iPhoneXSMax_M
102,333,-1,iPhoneXR_L,XiaomiRedmi5_J
53,397,-1,iPhoneXR_L,SamsungM31_A
327,432,-1,XiaomiRedmi5_J,XiaomiRedmiNote9S_T
397,445,-1,SamsungM31_A,XiaomiRedmiNote9S_T
60,316,-1,iPhoneXR_L,XiaomiRedmi5_J
307,607,-1,iPhoneXR_U,iPhone6_N
257,428,-1,XiaomiRedmiNote7_S,XiaomiRedmiNote9S_T
163,580,-1,HuaweiHonor9_R,iPhone11_M
305,627,-1,iPhoneXR_U,iPhone6_N
64,731,-1,iPhoneXR_L,iPhone7_F
14,639,-1,XiaomiRedmi4_B,iPhone11_B
641,708,-1,iPhone11_B,GooglePixel3A_V
109,158,-1,GooglePixel3A_L,HuaweiHonor9_R
87,317,-1,iPhoneXR_L,XiaomiRedmi5_J
148,723,-1,HuaweiHonor9_R,iPhone7_F
275,597,-1,XiaomiRedmiNote7_S,iPhone11_M
537,701,-1,XiaomiA2_E,GooglePixel3A_V
395,609,-1,SamsungM31_A,iPhone6_N
234,521,-1,XiaomiRedmiNote7_S,iPhoneXSMax_M
203,460,-1,SamsungS7_I,XiaomiRedmiNote9S_T
257,636,-1,XiaomiRedmiNote7_S,iPhone6_N
373,495,-1,XiaomiRedmi5_J,iPhoneXSMax_M
167,471,-1,HuaweiHonor9_R,OnePlusNord_O
339,711,-1,XiaomiRedmi5_J,GooglePixel3A_V
529,723,-1,XiaomiA2_E,iPhone7_F
644,649,-1,iPhone11_B,iPhone12_W
507,591,-1,iPhoneXSMax_M,iPhone11_M
145,466,-1,HuaweiHonor9_R,OnePlusNord_O
116,678,-1,GooglePixel3A_L,iPhone12_M
9,683,-1,XiaomiRedmi4_B,SamsungJ6_K
178,633,-1,HuaweiHonor9_R,iPhone6_N
364,439,-1,XiaomiRedmi5_J,XiaomiRedmiNote9S_T
353,626,-1,XiaomiRedmi5_J,iPhone6_N
444,649,-1,XiaomiRedmiNote9S_T,iPhone12_W
81,419,-1,iPhoneXR_L,XiaomiRedmiNote9S_T
97,268,-1,iPhoneXR_L,XiaomiRedmiNote7_S
9,409,-1,XiaomiRedmi4_B,XiaomiRedmiNote9S_T
139,444,-1,GooglePixel3A_L,XiaomiRedmiNote9S_T
356,403,-1,XiaomiRedmi5_J,SamsungM31_A
172,232,-1,HuaweiHonor9_R,XiaomiRedmiNote7_S
54,296,-1,iPhoneXR_L,XiaomiRedmiNote7_S
83,634,-1,iPhoneXR_L,iPhone6_N
132,461,-1,GooglePixel3A_L,XiaomiRedmiNote9S_T
444,531,-1,XiaomiRedmiNote9S_T,XiaomiA2_E
14,473,-1,XiaomiRedmi4_B,OnePlusNord_O
635,662,-1,iPhone6_N,iPhone12_M
424,646,-1,XiaomiRedmiNote9S_T,iPhone12_W
49,436,-1,XiaomiRedmi4_B,XiaomiRedmiNote9S_T
200,300,-1,SamsungS7_I,iPhoneXR_U
103,626,-1,iPhoneXR_L,iPhone6_N
505,606,-1,iPhoneXSMax_M,iPhone11_M
441,519,-1,XiaomiRedmiNote9S_T,iPhoneXSMax_M
31,72,-1,XiaomiRedmi4_B,iPhoneXR_L
405,710,-1,XiaomiRedmiNote9S_T,GooglePixel3A_V
80,415,-1,iPhoneXR_L,XiaomiRedmiNote9S_T
111,503,-1,GooglePixel3A_L,iPhoneXSMax_M
481,562,-1,OnePlusNord_O,XiaomiA2_E
319,512,-1,XiaomiRedmi5_J,iPhoneXSMax_M
436,530,-1,XiaomiRedmiNote9S_T,XiaomiA2_E
223,398,-1,XiaomiRedmiNote7_S,SamsungM31_A
248,653,-1,XiaomiRedmiNote7_S,iPhone12_W
96,626,-1,iPhoneXR_L,iPhone6_N
213,265,-1,OppoFindX3Neo_A,XiaomiRedmiNote7_S
15,646,-1,XiaomiRedmi4_B,iPhone12_W
20,72,-1,XiaomiRedmi4_B,iPhoneXR_L
55,340,-1,iPhoneXR_L,XiaomiRedmi5_J
20,491,-1,XiaomiRedmi4_B,OnePlusNord_O
284,622,-1,XiaomiRedmiNote7_S,iPhone6_N
71,214,-1,iPhoneXR_L,OppoFindX3Neo_A
78,237,-1,iPhoneXR_L,XiaomiRedmiNote7_S
175,637,-1,HuaweiHonor9_R,iPhone11_B
32,198,-1,XiaomiRedmi4_B,SamsungS7_I
18,625,-1,XiaomiRedmi4_B,iPhone6_N
49,217,-1,XiaomiRedmi4_B,OppoFindX3Neo_A
210,722,-1,SamsungS7_I,iPhone7_F
220,324,-1,OppoFindX3Neo_A,XiaomiRedmi5_J
137,674,-1,GooglePixel3A_L,iPhone12_M
17,507,-1,XiaomiRedmi4_B,iPhoneXSMax_M
359,625,-1,XiaomiRedmi5_J,iPhone6_N
229,468,-1,XiaomiRedmiNote7_S,OnePlusNord_O
134,226,-1,GooglePixel3A_L,XiaomiRedmiNote7_S
297,701,-1,iPhoneXR_U,GooglePixel3A_V
510,615,-1,iPhoneXSMax_M,iPhone6_N
312,566,-1,XiaomiRedmi5_J,XiaomiA2_E
69,495,-1,iPhoneXR_L,iPhoneXSMax_M
534,665,-1,XiaomiA2_E,iPhone12_M
482,631,-1,OnePlusNord_O,iPhone6_N
476,639,-1,OnePlusNord_O,iPhone11_B
316,523,-1,XiaomiRedmi5_J,iPhoneXSMax_M
526,700,-1,XiaomiA2_E,GooglePixel3A_V
196,438,-1,SamsungS7_I,XiaomiRedmiNote9S_T
261,489,-1,XiaomiRedmiNote7_S,OnePlusNord_O
308,432,-1,iPhoneXR_U,XiaomiRedmiNote9S_T
181,636,-1,HuaweiHonor9_R,iPhone6_N
330,717,-1,XiaomiRedmi5_J,iPhone7_F
120,495,-1,GooglePixel3A_L,iPhoneXSMax_M
566,579,-1,XiaomiA2_E,iPhone11_M
4,491,-1,XiaomiRedmi4_B,OnePlusNord_O
562,591,-1,XiaomiA2_E,iPhone11_M
86,118,-1,iPhoneXR_L,GooglePixel3A_L
84,299,-1,iPhoneXR_L,iPhoneXR_U
404,589,-1,SamsungM31_A,iPhone11_M
239,334,-1,XiaomiRedmiNote7_S,XiaomiRedmi5_J
211,728,-1,OppoFindX3Neo_A,iPhone7_F
631,661,-1,iPhone6_N,iPhone12_M
67,686,-1,iPhoneXR_L,SamsungJ6_K
44,131,-1,XiaomiRedmi4_B,GooglePixel3A_L
259,531,-1,XiaomiRedmiNote7_S,XiaomiA2_E
49,484,-1,XiaomiRedmi4_B,OnePlusNord_O
198,271,-1,SamsungS7_I,XiaomiRedmiNote7_S
171,612,-1,HuaweiHonor9_R,iPhone6_N
457,725,-1,XiaomiRedmiNote9S_T,iPhone7_F
258,673,-1,XiaomiRedmiNote7_S,iPhone12_M
401,439,-1,SamsungM31_A,XiaomiRedmiNote9S_T
384,727,-1,XiaomiRedmi5_J,iPhone7_F
142,286,-1,HuaweiHonor9_R,XiaomiRedmiNote7_S
482,527,-1,OnePlusNord_O,XiaomiA2_E
45,731,-1,XiaomiRedmi4_B,iPhone7_F
453,595,-1,XiaomiRedmiNote9S_T,iPhone11_M
493,568,-1,iPhoneXSMax_M,iPhone11_M
455,665,-1,XiaomiRedmiNote9S_T,iPhone12_M
226,505,-1,XiaomiRedmiNote7_S,iPhoneXSMax_M
593,657,-1,iPhone11_M,iPhone12_W
387,399,-1,XiaomiRedmi5_J,SamsungM31_A
532,639,-1,XiaomiA2_E,iPhone11_B
139,211,-1,GooglePixel3A_L,OppoFindX3Neo_A
11,69,-1,XiaomiRedmi4_B,iPhoneXR_L
113,404,-1,GooglePixel3A_L,SamsungM31_A
592,662,-1,iPhone11_M,iPhone12_M
172,313,-1,HuaweiHonor9_R,XiaomiRedmi5_J
229,423,-1,XiaomiRedmiNote7_S,XiaomiRedmiNote9S_T
35,109,-1,XiaomiRedmi4_B,GooglePixel3A_L
373,571,-1,XiaomiRedmi5_J,iPhone11_M
349,427,-1,XiaomiRedmi5_J,XiaomiRedmiNote9S_T
134,677,-1,GooglePixel3A_L,iPhone12_M
247,374,-1,XiaomiRedmiNote7_S,XiaomiRedmi5_J
6,528,-1,XiaomiRedmi4_B,XiaomiA2_E
670,687,-1,iPhone12_M,SamsungJ6_K
169,593,-1,HuaweiHonor9_R,iPhone11_M
443,503,-1,XiaomiRedmiNote9S_T,iPhoneXSMax_M
69,319,-1,iPhoneXR_L,XiaomiRedmi5_J
483,725,-1,OnePlusNord_O,iPhone7_F
206,287,-1,SamsungS7_I,XiaomiRedmiNote7_S
292,487,-1,XiaomiRedmiNote7_S,OnePlusNord_O
140,594,-1,GooglePixel3A_L,iPhone11_M
286,543,-1,XiaomiRedmiNote7_S,XiaomiA2_E
600,672,-1,iPhone11_M,iPhone12_M
162,396,-1,HuaweiHonor9_R,SamsungM31_A
180,343,-1,HuaweiHonor9_R,XiaomiRedmi5_J
285,694,-1,XiaomiRedmiNote7_S,SamsungJ6_K
196,405,-1,SamsungS7_I,XiaomiRedmiNote9S_T
